scpi_source,id_actif,nom_actif,adresse,ville,code_postal,pays,region,type_actif,date_acquisition,surface_m2,nb_lots,quote_part_pct,valeur_venale,prix_acquisition,loyer_annuel,taux_occupation,nb_locataires,date_fin_bail_principale,travaux_total,travaux_renovation,travaux_gros_entretien,travaux_mise_conformite,travaux_environnementaux,travaux_amelioration,travaux_autres,annee_travaux,description_travaux,statut_travaux
Rivoli Avenir Patrimoine,RIV-001,Immeuble Bordeaux Lac 1,44 avenue de la République,Bordeaux Lac,33300,France,Nouvelle-Aquitaine,Santé,2022-11-01,4454,,100.0,33511896,30027015.93110026,1703977.1180656645,95.75620844366803,3,,2875000,1239778.5843250393,614315.028580812,307204.22098379774,363457.68443113385,341813.111395513,8431.370283703665,2024.0,Remplacement système CVC,Réalisé
Rivoli Avenir Patrimoine,RIV-002,Immeuble Saint-Denis 2,1 rue Victor Hugo,Saint-Denis,93200,France,Île-de-France,Activités,2012-11-01,11355,,100.0,77316195,69419176.9883471,4724415.428709503,94.15697258508528,7,,3465126,1657501.8027288534,884523.9065051351,640927.726664201,500370.2404120583,205673.55367600964,-423871.2299862581,2024.0,Remplacement système CVC,Planifié
Rivoli Avenir Patrimoine,RIV-003,Immeuble Boulogne-Billancourt 3,2 rue Jean Jaurès,Boulogne-Billancourt,92100,France,Île-de-France,Bureaux,2012-01-01,9653,,100.0,53873393,54003522.31908543,2444922.7524379203,89.09498725949786,1,,459785,207738.2141372922,126928.32590903876,86344.33143487744,47872.57194252702,25761.00654679351,-34859.44997052903,2024.0,Réfection toiture et étanchéité,En cours
Rivoli Avenir Patrimoine,RIV-004,Immeuble Lille Euralille 4,36 rue Jean Jaurès,Lille Euralille,59000,France,Hauts-de-France,Activités,2019-06-01,20696,,100.0,148162664,133911120.96090142,9052080.232690644,97.51594230623219,14,,0,0.0,0.0,0.0,0.0,0.0,0.0,,,
Rivoli Avenir Patrimoine,RIV-005,Immeuble Lyon Confluence 5,114 boulevard de la Paix,Lyon Confluence,69002,France,Auvergne-Rhône-Alpes,Commerces,2016-01-01,14528,,100.0,66378432,62635201.02786982,3858065.3145318776,92.93144584896898,3,,411921,160597.72600789546,56361.08491868855,64147.038901652486,26886.97977339039,45583.530134517685,58344.6402638554,2024.0,Mise en conformité accessibilité PMR,Planifié
Rivoli Avenir Patrimoine,RIV-006,Immeuble Bordeaux Lac 6,98 avenue Général de Gaulle,Bordeaux Lac,33300,France,Nouvelle-Aquitaine,Bureaux,2013-06-01,19736,,100.0,148671288,155981299.92125776,9312877.148877572,96.87821461163001,2,,3260459,723332.6352947368,574566.39169079,430861.972140138,177401.6500845695,317963.1349348191,1036333.2158549466,2024.0,Rénovation sanitaires,En cours
Rivoli Avenir Patrimoine,RIV-007,Immeuble Lille Euralille 7,14 avenue de la République,Lille Euralille,59000,France,Hauts-de-France,Santé,2017-08-01,8894,,100.0,64686062,58067738.6657294,3430543.601363123,93.67960800074455,6,,0,0.0,0.0,0.0,0.0,0.0,0.0,,,
Rivoli Avenir Patrimoine,RIV-008,Immeuble Paris 8ème 8,126 rue Jean Jaurès,Paris 8ème,75008,France,Paris,Bureaux,2020-12-01,20936,,100.0,86444744,77070254.78422506,4024689.893248435,90.7269241026655,12,,538169,253586.85351016143,113338.10128711707,65429.922424696415,65632.52576508676,72407.11612007458,-32225.51910713623,2024.0,Amélioration performance thermique,Planifié
Rivoli Avenir Patrimoine,RIV-009,Immeuble Montpellier 9,66 boulevard Victor Hugo,Montpellier,34000,France,Occitanie,Santé,2014-05-01,8861,,100.0,32661646,28808579.50273923,1898214.627122784,99.91045008158535,13,,793483,364852.89397905173,90107.04530634751,104864.7207098907,90001.71075690059,58565.63520810388,85090.99403970559,2024.0,Rénovation sanitaires,Planifié
Rivoli Avenir Patrimoine,RIV-010,Immeuble Boulogne-Billancourt 10,105 avenue Victor Hugo,Boulogne-Billancourt,92100,France,Île-de-France,Commerces,2016-09-01,21331,,100.0,135963794,131931907.51549189,8582567.520920344,94.15472219704036,14,,0,0.0,0.0,0.0,0.0,0.0,0.0,,,
Rivoli Avenir Patrimoine,RIV-011,Immeuble Levallois-Perret 11,55 rue Général de Gaulle,Levallois-Perret,92300,France,Île-de-France,Bureaux,2018-01-01,16069,,100.0,72471190,72114668.72960187,3671364.446739288,97.31523320119834,4,,0,0.0,0.0,0.0,0.0,0.0,0.0,,,
Rivoli Avenir Patrimoine,RIV-012,Immeuble Rennes 12,109 boulevard Jean Jaurès,Rennes,35000,France,Bretagne,Commerces,2019-11-01,24982,,100.0,185791134,183630478.88069904,9103291.06440309,95.23639739211504,1,,3216048,695749.9338141598,813341.1796592528,382107.11863056355,471489.8989606711,466957.2801786899,386402.58875666244,2024.0,Mise aux normes sécurité incendie,Réalisé
Rivoli Avenir Patrimoine,RIV-013,Immeuble Toulouse Blagnac 13,100 rue Général de Gaulle,Toulouse Blagnac,31700,France,Occitanie,Santé,2017-09-01,16280,,100.0,56605560,56009769.561720826,2648073.4602901754,94.95819906963224,9,,0,0.0,0.0,0.0,0.0,0.0,0.0,,,
Rivoli Avenir Patrimoine,RIV-014,Immeuble Bordeaux Lac 14,65 boulevard de la République,Bordeaux Lac,33300,France,Nouvelle-Aquitaine,Activités,2011-10-01,21917,,100.0,85783138,87275159.04127309,4435384.4970620135,85.35376305310051,2,,3120565,1274890.653770159,581313.9215947547,370821.5163186755,279932.9603537667,199145.18034440617,414460.7676182378,2024.0,Installation bornes de recharge VE,Planifié
Rivoli Avenir Patrimoine,RIV-015,Immeuble Neuilly-sur-Seine 15,55 avenue Victor Hugo,Neuilly-sur-Seine,92200,France,Île-de-France,Commerces,2023-02-01,24754,,100.0,82480328,79532617.58844456,4800986.017329533,86.93631972367332,12,,0,0.0,0.0,0.0,0.0,0.0,0.0,,,
Rivoli Avenir Patrimoine,RIV-016,Immeuble Aix-en-Provence 16,101 rue Victor Hugo,Aix-en-Provence,13100,France,Provence-Alpes-Côte d'Azur,Santé,2023-02-01,14265,,100.0,67958460,62693112.24517323,4242339.940843882,86.28673258380974,13,,479193,197184.94269747412,65417.18377729815,79570.53987481663,43451.19100970637,43002.62499419356,50566.517646511114,2024.0,Mise aux normes sécurité incendie,Planifié
Rivoli Avenir Patrimoine,RIV-017,Immeuble Toulouse Labège 17,33 rue de la République,Toulouse Labège,31670,France,Occitanie,Activités,2018-01-01,20172,,100.0,66103644,61302271.17902705,4278779.548026369,98.53122878650129,11,,2420104,494601.6272876734,410831.2162758016,302452.2553757212,315119.31327223394,317827.36722093116,579272.220567639,2024.0,Réaménagement plateaux de bureaux,En cours
Rivoli Avenir Patrimoine,RIV-018,Immeuble Paris 8ème 18,125 avenue Général de Gaulle,Paris 8ème,75008,France,Paris,Logistique,2011-11-01,20489,,100.0,104555367,96517665.52353631,5211416.733024861,88.32770239300636,10,,2405436,1058018.8301307182,297133.78579005774,427977.28088999254,129577.75937693167,206386.21623345106,286342.127578849,2024.0,Travaux amiante et désamiantage,Planifié
Rivoli Avenir Patrimoine,RIV-019,Immeuble Toulouse Blagnac 19,1 rue Général de Gaulle,Toulouse Blagnac,31700,France,Occitanie,Bureaux,2016-04-01,17616,,100.0,140188128,147047980.92387265,8658788.181703003,92.69805712181659,12,,1079103,488470.61432093085,185259.5473865577,214839.79473544052,58929.31619260201,69624.40686883735,61979.32049563154,2024.0,Création espaces verts et terrasses,Réalisé
Rivoli Avenir Patrimoine,RIV-020,Immeuble Levallois-Perret 20,133 rue Jean Jaurès,Levallois-Perret,92300,France,Île-de-France,Bureaux,2022-08-01,14476,,100.0,44166276,39026332.96270484,2512586.4527958008,99.9512949132476,14,,2612760,538472.4031236947,638334.9955866032,316718.23127406935,184488.1949482551,193733.52086035846,741012.654207019,2024.0,Remplacement système CVC,Planifié
Rivoli Avenir Patrimoine,RIV-021,Immeuble Rennes 21,19 avenue Général de Gaulle,Rennes,35000,France,Bretagne,Bureaux,2019-08-01,11116,,100.0,54935272,48465180.64903947,2715694.6149928793,95.42645533662451,14,,0,0.0,0.0,0.0,0.0,0.0,0.0,,,
Rivoli Avenir Patrimoine,RIV-022,Immeuble La Défense 22,53 boulevard de la Paix,La Défense,92800,France,Île-de-France,Activités,2011-06-01,19903,,100.0,116293229,108758592.3455681,7279588.538011787,93.80284568708491,4,,0,0.0,0.0,0.0,0.0,0.0,0.0,,,
Aestiam Placement Pierre,AES-001,Immeuble Saint-Denis 1,111 boulevard Général de Gaulle,Saint-Denis,93200,France,Île-de-France,Logistique,2020-09-01,16516,,100.0,72637368,62875953.62515039,4215262.2548548,92.43442155231348,10,,0,0.0,0.0,0.0,0.0,0.0,0.0,,,
Aestiam Placement Pierre,AES-002,Immeuble Aix-en-Provence 2,118 boulevard Général de Gaulle,Aix-en-Provence,13100,France,Provence-Alpes-Côte d'Azur,Santé,2010-11-01,20521,,100.0,163757580,144695546.14272058,9364508.814387541,88.90724329641779,12,,0,0.0,0.0,0.0,0.0,0.0,0.0,,,
Aestiam Placement Pierre,AES-003,Immeuble Neuilly-sur-Seine 3,45 avenue Jean Jaurès,Neuilly-sur-Seine,92200,France,Île-de-France,Logistique,2012-01-01,10795,,100.0,85938995,82151957.77871695,4462735.873712339,88.80249727128464,9,,764224,214207.099069817,159129.7321748873,138357.38744950332,101765.77262616683,94797.42047474731,55966.58820487829,2024.0,Amélioration performance thermique,Réalisé
Aestiam Placement Pierre,AES-004,Immeuble Toulouse Blagnac 4,39 boulevard Jean Jaurès,Toulouse Blagnac,31700,France,Occitanie,Bureaux,2020-11-01,16157,,100.0,85098919,78904073.66215557,4168562.2618048214,95.84321886506108,5,,0,0.0,0.0,0.0,0.0,0.0,0.0,,,
Aestiam Placement Pierre,AES-005,Immeuble Toulouse Blagnac 5,22 boulevard Jean Jaurès,Toulouse Blagnac,31700,France,Occitanie,Logistique,2021-09-01,5881,,100.0,27064362,27098492.249640413,1461649.9893505753,93.29914690640676,15,,0,0.0,0.0,0.0,0.0,0.0,0.0,,,
Aestiam Placement Pierre,AES-006,Immeuble Saint-Denis 6,74 avenue de la Paix,Saint-Denis,93200,France,Île-de-France,Logistique,2011-05-01,21389,,100.0,98218288,92593755.3325644,6209283.623341189,85.19141101187927,15,,0,0.0,0.0,0.0,0.0,0.0,0.0,,,
Aestiam Placement Pierre,AES-007,Immeuble Bordeaux Euratlantique 7,85 boulevard Victor Hugo,Bordeaux Euratlantique,33000,France,Nouvelle-Aquitaine,Logistique,2012-01-01,17526,,100.0,132198618,117528402.53631549,6079061.283536194,91.12088684854466,14,,1874041,566927.4322168995,254940.82619140422,188414.96916957328,128227.7773077945,240124.23159208603,495405.76352224237,2024.0,Installation bornes de recharge VE,En cours
Aestiam Placement Pierre,AES-008,Immeuble Levallois-Perret 8,45 boulevard Jean Jaurès,Levallois-Perret,92300,France,Île-de-France,Bureaux,2021-02-01,9190,,100.0,67941670,62747526.95403548,3856373.1660180143,99.96654586742521,10,,2569308,1045471.7853278846,427199.6815110212,327505.61580170103,307917.4810280793,140180.29059015375,321033.14574115997,2024.0,Réaménagement plateaux de bureaux,En cours
Aestiam Placement Pierre,AES-009,Immeuble Aix-en-Provence 9,149 boulevard Victor Hugo,Aix-en-Provence,13100,France,Provence-Alpes-Côte d'Azur,Commerces,2012-09-01,24856,,100.0,150776496,140499552.36394078,7776610.151332484,97.5379713115794,9,,0,0.0,0.0,0.0,0.0,0.0,0.0,,,
Aestiam Placement Pierre,AES-010,Immeuble Lille Euralille 10,121 avenue Victor Hugo,Lille Euralille,59000,France,Hauts-de-France,Activités,2019-05-01,24926,,100.0,84773326,88257045.64676781,4096120.335372864,88.79764447023504,15,,0,0.0,0.0,0.0,0.0,0.0,0.0,,,
Aestiam Placement Pierre,AES-011,Immeuble Levallois-Perret 11,142 boulevard Général de Gaulle,Levallois-Perret,92300,France,Île-de-France,Activités,2011-04-01,10725,,100.0,67599675,62457221.65858274,3244057.631148094,88.61967746437786,3,,0,0.0,0.0,0.0,0.0,0.0,0.0,,,
Aestiam Placement Pierre,AES-012,Immeuble Issy-les-Moulineaux 12,21 rue de la Paix,Issy-les-Moulineaux,92130,France,Île-de-France,Bureaux,2014-01-01,3238,,100.0,16662748,17289073.54182257,990604.2805011696,97.43668908995424,9,,2070557,859977.7262511768,389913.8428378039,353880.73317839863,245378.91551688808,281079.3567662482,-59673.574550515325,2024.0,Remplacement système CVC,En cours
Aestiam Placement Pierre,AES-013,Immeuble Lille Euralille 13,48 rue Jean Jaurès,Lille Euralille,59000,France,Hauts-de-France,Logistique,2019-11-01,14792,,100.0,106901784,98330721.24413888,6055815.7107607685,97.01735099075611,9,,0,0.0,0.0,0.0,0.0,0.0,0.0,,,
Aestiam Placement Pierre,AES-014,Immeuble Bordeaux Lac 14,127 rue de la République,Bordeaux Lac,33300,France,Nouvelle-Aquitaine,Logistique,2011-09-01,23309,,100.0,162487039,141029079.21591032,7456674.062926241,92.35908286575865,6,,0,0.0,0.0,0.0,0.0,0.0,0.0,,,
Aestiam Placement Pierre,AES-015,Immeuble Rennes 15,13 rue Jean Jaurès,Rennes,35000,France,Bretagne,Bureaux,2017-07-01,16968,,100.0,122322312,124823489.129601,6233153.491417926,96.11957989733027,9,,2108655,1033781.4257107893,233933.6267293698,228752.03653215442,163036.98040360265,148746.86084963207,300404.0697744521,2024.0,Rénovation parties communes,Planifié
Aestiam Placement Pierre,AES-016,Immeuble Bordeaux Euratlantique 16,66 avenue de la Paix,Bordeaux Euratlantique,33000,France,Nouvelle-Aquitaine,Logistique,2020-09-01,21559,,100.0,112365508,107279196.54438114,7000071.922272939,93.62214303741962,14,,2396755,866053.0718077833,323998.11056706245,240502.1939247708,131431.5567186577,274665.6926667302,560104.3743149955,2024.0,Modernisation ascenseurs,En cours
Aestiam Placement Pierre,AES-017,Immeuble La Défense 17,9 boulevard Victor Hugo,La Défense,92800,France,Île-de-France,Santé,2016-03-01,23105,,100.0,148357205,133522462.06948352,7517353.557558186,88.12920738633244,3,,297269,116179.10634007113,82497.61393192736,57256.48650818303,26220.638385202685,33911.47846424107,-18796.32362962524,2024.0,Remplacement système CVC,Réalisé
Aestiam Placement Pierre,AES-018,Immeuble Paris 9ème 18,98 boulevard Général de Gaulle,Paris 9ème,75009,France,Paris,Commerces,2018-10-01,14640,,100.0,102114000,95182061.68224916,4738961.934550135,94.89244624099338,13,,0,0.0,0.0,0.0,0.0,0.0,0.0,,,
Aestiam Placement Pierre,AES-019,Immeuble Nice 19,33 avenue Général de Gaulle,Nice,06000,France,Provence-Alpes-Côte d'Azur,Activités,2017-03-01,16952,,100.0,123156280,122821891.04486066,7973922.417754487,87.1594638259496,7,,0,0.0,0.0,0.0,0.0,0.0,0.0,,,
Aestiam Placement Pierre,AES-020,Immeuble Toulouse Labège 20,27 boulevard Jean Jaurès,Toulouse Labège,31670,France,Occitanie,Commerces,2012-04-01,9531,,100.0,54650754,49025054.09820698,2831609.67159216,89.47306925226198,2,,2636073,598684.705766605,660314.5855539187,520028.732908893,241074.48589668152,140856.95757303495,475113.53230086673,2024.0,Rénovation sanitaires,Réalisé
Aestiam Placement Pierre,AES-021,Immeuble Strasbourg 21,54 boulevard Jean Jaurès,Strasbourg,67000,France,Grand Est,Santé,2019-10-01,18976,,100.0,93741440,86806349.31083746,5862679.677185565,88.62643743402765,6,,2254205,694911.9194527406,417309.9481573016,428143.4113811848,272717.87501316157,123896.39298578321,317225.45300982817,2024.0,Amélioration performance thermique,Planifié
Aestiam Placement Pierre,AES-022,Immeuble Nice 22,85 rue Jean Jaurès,Nice,06000,France,Provence-Alpes-Côte d'Azur,Bureaux,2010-08-01,16389,,100.0,81895833,75736863.39456598,5060630.586277114,96.46711873579311,9,,0,0.0,0.0,0.0,0.0,0.0,0.0,,,
Aestiam Placement Pierre,AES-023,Immeuble Lyon Confluence 23,124 boulevard Jean Jaurès,Lyon Confluence,69002,France,Auvergne-Rhône-Alpes,Logistique,2021-03-01,19873,,100.0,97417446,89837912.56188418,5587529.947582789,99.00124072241357,7,,0,0.0,0.0,0.0,0.0,0.0,0.0,,,
Aestiam Placement Pierre,AES-024,Immeuble Nantes Atlantique 24,16 rue de la République,Nantes Atlantique,44000,France,Pays de la Loire,Bureaux,2019-07-01,24367,,100.0,181461049,185335240.4359326,10790997.32674064,85.23309031796221,6,,0,0.0,0.0,0.0,0.0,0.0,0.0,,,
Aestiam Placement Pierre,AES-025,Immeuble Levallois-Perret 25,93 boulevard Jean Jaurès,Levallois-Perret,92300,France,Île-de-France,Activités,2012-05-01,10088,,100.0,75962640,66687291.04660973,3436603.6359454296,89.67893229129612,12,,913960,373887.3600917662,216514.7546343532,108226.91692686781,85648.3215046068,88955.98446971882,40726.662372687235,2024.0,Mise aux normes sécurité incendie,Planifié
Aestiam Placement Pierre,AES-026,Immeuble Nice 26,119 avenue Victor Hugo,Nice,06000,France,Provence-Alpes-Côte d'Azur,Santé,2018-02-01,16481,,100.0,89541273,88094176.3515515,5630256.941827569,86.03711029614787,4,,289795,121238.00501989134,71234.2502638981,34287.01430803501,37738.879765529025,21189.963100016008,4106.887542630508,2024.0,Rénovation énergétique - mise aux normes RT2020,Planifié
Aestiam Placement Pierre,AES-027,Immeuble Marseille Euroméditerranée 27,52 boulevard de la Paix,Marseille Euroméditerranée,13002,France,Provence-Alpes-Côte d'Azur,Logistique,2012-03-01,24374,,100.0,161307132,146759391.29159954,7605073.374537952,87.95112438016119,4,,0,0.0,0.0,0.0,0.0,0.0,0.0,,,
Aestiam Placement Pierre,AES-028,Immeuble Paris 9ème 28,96 avenue Jean Jaurès,Paris 9ème,75009,France,Paris,Commerces,2018-07-01,8890,,100.0,31390590,27412981.31731027,1589025.1444162254,89.37717276137357,14,,0,0.0,0.0,0.0,0.0,0.0,0.0,,,
Aestiam Placement Pierre,AES-029,Immeuble Boulogne-Billancourt 29,80 avenue Jean Jaurès,Boulogne-Billancourt,92100,France,Île-de-France,Commerces,2016-03-01,13793,,100.0,95751006,85009160.92661667,6064147.469869323,91.52071448438684,5,,0,0.0,0.0,0.0,0.0,0.0,0.0,,,
LF Croissance & Territoires,LF -001,Immeuble Saint-Denis 1,73 boulevard Jean Jaurès,Saint-Denis,93200,France,Île-de-France,Commerces,2014-12-01,13944,,100.0,93480576,89520394.32126121,4543760.6383658545,88.33633830136009,10,,0,0.0,0.0,0.0,0.0,0.0,0.0,,,
LF Croissance & Territoires,LF -002,Immeuble Rennes 2,2 boulevard Jean Jaurès,Rennes,35000,France,Bretagne,Commerces,2012-08-01,15877,,100.0,53172073,46380099.27650353,3105377.173028174,97.9661565452106,6,,0,0.0,0.0,0.0,0.0,0.0,0.0,,,
LF Croissance & Territoires,LF -003,Immeuble Boulogne-Billancourt 3,64 avenue Général de Gaulle,Boulogne-Billancourt,92100,France,Île-de-France,Activités,2018-11-01,24590,,100.0,95605920,97875535.73794325,6156684.851477066,95.33928845775013,14,,0,0.0,0.0,0.0,0.0,0.0,0.0,,,
LF Croissance & Territoires,LF -004,Immeuble Lille Euralille 4,87 rue Général de Gaulle,Lille Euralille,59000,France,Hauts-de-France,Santé,2016-04-01,10072,,100.0,62174456,53862289.95506606,3487793.977395235,85.99627720846581,2,,2997746,1451018.4507388724,448301.827854992,322681.3596781799,411815.39104839566,354349.5185528911,9579.452126668935,2024.0,Rénovation sanitaires,En cours
LF Croissance & Territoires,LF -005,Immeuble Lille Euralille 5,40 avenue de la République,Lille Euralille,59000,France,Hauts-de-France,Bureaux,2012-08-01,4330,,100.0,27837570,24316295.40174323,1262811.335647046,88.16821346831857,10,,0,0.0,0.0,0.0,0.0,0.0,0.0,,,
LF Croissance & Territoires,LF -006,Immeuble Lyon Confluence 6,70 avenue Victor Hugo,Lyon Confluence,69002,France,Auvergne-Rhône-Alpes,Bureaux,2022-08-01,10062,,100.0,42129594,42853771.226515636,2230160.584692351,90.15185541905996,2,,2789694,1236788.3712120077,481290.1053617972,301402.3117286189,230728.56618749903,224193.86406541272,315290.78144466475,2024.0,Remplacement système CVC,Planifié
LF Croissance & Territoires,LF -007,Immeuble Paris 9ème 7,53 rue Jean Jaurès,Paris 9ème,75009,France,Paris,Commerces,2016-12-01,6234,,100.0,45240138,46933389.70180696,2811741.787367615,94.90798425148883,8,,2146307,555292.6066942371,573533.9278720823,222256.61902961924,126629.76915370383,261495.7331346577,407098.3441156997,2024.0,Rénovation sanitaires,En cours
LF Croissance & Territoires,LF -008,Immeuble Toulouse Labège 8,137 rue Victor Hugo,Toulouse Labège,31670,France,Occitanie,Santé,2014-09-01,14247,,100.0,88716069,82613994.31383137,4864271.326682233,86.60804401064003,1,,2140110,754848.753034583,514643.95018803293,364868.2975852018,128236.97029326485,163332.29280498176,214179.73609393564,2024.0,Modernisation ascenseurs,Planifié
LF Croissance & Territoires,LF -009,Immeuble Marseille Euroméditerranée 9,138 boulevard de la Paix,Marseille Euroméditerranée,13002,France,Provence-Alpes-Côte d'Azur,Activités,2011-01-01,2416,,100.0,10108544,10492020.272864314,574506.7411699694,87.21113539663982,9,,0,0.0,0.0,0.0,0.0,0.0,0.0,,,
LF Croissance & Territoires,LF -010,Immeuble Paris 17ème 10,53 rue de la République,Paris 17ème,75017,France,Paris,Commerces,2015-05-01,8150,,100.0,52127400,54530589.44239889,3299933.298663052,88.24929571663448,1,,0,0.0,0.0,0.0,0.0,0.0,0.0,,,
LF Croissance & Territoires,LF -011,Immeuble Nice 11,118 boulevard de la Paix,Nice,06000,France,Provence-Alpes-Côte d'Azur,Santé,2021-01-01,10199,,100.0,78562897,80581703.30285157,4709175.316724777,85.14221266201017,5,,0,0.0,0.0,0.0,0.0,0.0,0.0,,,
LF Croissance & Territoires,LF -012,Immeuble Paris 17ème 12,39 boulevard de la Paix,Paris 17ème,75017,France,Paris,Commerces,2021-01-01,16820,,100.0,93485560,89614402.23261246,5785781.20752342,91.91542592461583,5,,0,0.0,0.0,0.0,0.0,0.0,0.0,,,
LF Croissance & Territoires,LF -013,Immeuble Paris 17ème 13,95 avenue Jean Jaurès,Paris 17ème,75017,France,Paris,Commerces,2011-10-01,10816,,100.0,86203520,90332163.20718071,4620525.915980558,99.62439297650683,4,,0,0.0,0.0,0.0,0.0,0.0,0.0,,,
LF Croissance & Territoires,LF -014,Immeuble Paris 8ème 14,138 boulevard de la République,Paris 8ème,75008,France,Paris,Commerces,2014-02-01,14105,,100.0,50086855,49903894.35952303,2347817.1054898566,97.49860704467818,8,,0,0.0,0.0,0.0,0.0,0.0,0.0,,,
LF Croissance & Territoires,LF -015,Immeuble Bordeaux Euratlantique 15,119 rue Victor Hugo,Bordeaux Euratlantique,33000,France,Nouvelle-Aquitaine,Santé,2010-12-01,18948,,100.0,72210828,68590145.8967507,4167800.706323808,86.93196961188333,4,,0,0.0,0.0,0.0,0.0,0.0,0.0,,,
LF Croissance & Territoires,LF -016,Immeuble Bordeaux Euratlantique 16,83 rue de la Paix,Bordeaux Euratlantique,33000,France,Nouvelle-Aquitaine,Commerces,2020-09-01,19832,,100.0,118119392,104033611.14122336,6022668.669418738,91.17070239781457,13,,1549501,588579.6061382865,359980.24686192273,246873.30801318857,104048.47238015337,199302.91711076975,50716.449495679015,2024.0,Mise aux normes sécurité incendie,En cours
LF Croissance & Territoires,LF -017,Immeuble Bordeaux Lac 17,110 boulevard Général de Gaulle,Bordeaux Lac,33300,France,Nouvelle-Aquitaine,Commerces,2021-04-01,14037,,100.0,95353341,89455033.46250676,4353455.705079841,94.02110140882368,8,,0,0.0,0.0,0.0,0.0,0.0,0.0,,,
LF Croissance & Territoires,LF -018,Immeuble Rennes 18,139 avenue Général de Gaulle,Rennes,35000,France,Bretagne,Bureaux,2012-05-01,14251,,100.0,75744065,75034258.77427083,4409655.98993683,88.81831115402831,2,,0,0.0,0.0,0.0,0.0,0.0,0.0,,,
LF Croissance & Territoires,LF -019,Immeuble Aix-en-Provence 19,149 avenue Victor Hugo,Aix-en-Provence,13100,France,Provence-Alpes-Côte d'Azur,Santé,2011-10-01,16041,,100.0,64500861,62481496.498445734,3215143.5529566323,96.03382693746988,7,,3250024,1373334.1724247516,618515.071778109,457406.30402895564,283343.99406118615,462981.1595617032,54443.29814529406,2024.0,Rénovation sanitaires,En cours
LF Croissance & Territoires,LF -020,Immeuble Lyon Part-Dieu 20,128 boulevard de la Paix,Lyon Part-Dieu,69003,France,Auvergne-Rhône-Alpes,Logistique,2021-04-01,14678,,100.0,62836518,63750354.426314756,3937602.030939669,97.16371900177647,9,,3340286,971455.4061190295,429356.2218478683,342031.44590640825,422049.5022516229,256060.58030066738,919332.8435744034,2024.0,Réaménagement plateaux de bureaux,En cours
LF Croissance & Territoires,LF -021,Immeuble Paris 17ème 21,131 boulevard Général de Gaulle,Paris 17ème,75017,France,Paris,Bureaux,2017-05-01,17348,,100.0,124090244,113175116.77342363,5686361.084902111,92.37190763318027,11,,0,0.0,0.0,0.0,0.0,0.0,0.0,,,
LF Croissance & Territoires,LF -022,Immeuble Lille Euralille 22,62 boulevard Victor Hugo,Lille Euralille,59000,France,Hauts-de-France,Logistique,2017-08-01,23847,,100.0,115300245,118418386.61660607,6831498.17049965,91.46213467422284,10,,652349,184673.6499569532,135998.93658678315,97835.17158376556,64821.873247350435,60231.13523049429,108788.23339465329,2024.0,Remplacement système CVC,En cours
LF Croissance & Territoires,LF -023,Immeuble La Défense 23,35 rue de la République,La Défense,92800,France,Île-de-France,Bureaux,2020-01-01,13611,,100.0,93779790,85219031.29122303,4350175.124487011,86.72996177535605,12,,3274165,1129109.8349106875,358134.2296462808,579641.1420863218,314142.33671073953,331170.1751871449,561967.2814588251,2024.0,Installation bornes de recharge VE,Planifié
LF Croissance & Territoires,LF -024,Immeuble Nantes Atlantique 24,32 rue Victor Hugo,Nantes Atlantique,44000,France,Pays de la Loire,Logistique,2018-09-01,23335,,100.0,143463580,140012825.95835936,8874788.41009264,98.5425945844564,8,,0,0.0,0.0,0.0,0.0,0.0,0.0,,,
LF Croissance & Territoires,LF -025,Immeuble Paris 9ème 25,43 boulevard de la République,Paris 9ème,75009,France,Paris,Bureaux,2018-03-01,15242,,100.0,73054906,68299816.06024271,3781434.267054649,99.76757086663429,12,,0,0.0,0.0,0.0,0.0,0.0,0.0,,,
LF Croissance & Territoires,LF -026,Immeuble Neuilly-sur-Seine 26,119 rue Jean Jaurès,Neuilly-sur-Seine,92200,France,Île-de-France,Logistique,2013-08-01,12080,,100.0,65908480,59046471.77507704,3780318.4170843917,96.57637723255283,14,,0,0.0,0.0,0.0,0.0,0.0,0.0,,,
LF Croissance & Territoires,LF -027,Immeuble Aix-en-Provence 27,54 avenue Victor Hugo,Aix-en-Provence,13100,France,Provence-Alpes-Côte d'Azur,Santé,2022-08-01,19609,,100.0,76396664,65902644.24431491,4458573.0065746,91.3290813478066,8,,0,0.0,0.0,0.0,0.0,0.0,0.0,,,
LF Croissance & Territoires,LF -028,Immeuble Toulouse Labège 28,131 rue de la République,Toulouse Labège,31670,France,Occitanie,Santé,2012-01-01,6597,,100.0,52571493,47065219.18428744,3030599.629428147,92.98864676659258,10,,0,0.0,0.0,0.0,0.0,0.0,0.0,,,
LF Croissance & Territoires,LF -029,Immeuble Saint-Denis 29,20 boulevard Général de Gaulle,Saint-Denis,93200,France,Île-de-France,Activités,2016-09-01,17540,,100.0,106818600,95832332.46770874,6890399.523875666,95.0968886221906,9,,632361,227315.62231580337,95586.99583344089,91928.02207441232,34481.56639719524,62092.15888706513,120956.63449208306,2024.0,Rénovation énergétique - mise aux normes RT2020,En cours
LF Croissance & Territoires,LF -030,Immeuble Issy-les-Moulineaux 30,139 avenue Général de Gaulle,Issy-les-Moulineaux,92130,France,Île-de-France,Santé,2016-04-01,2916,,100.0,10967076,9780597.256429566,631735.6571515079,97.39894380358454,6,,0,0.0,0.0,0.0,0.0,0.0,0.0,,,
Pierre Sélection,PIE-001,Immeuble Paris 8ème 1,150 avenue Victor Hugo,Paris 8ème,75008,France,Paris,Commerces,2013-02-01,5027,,100.0,24994244,23318383.832347352,1446680.7759056499,96.91448163074261,1,,0,0.0,0.0,0.0,0.0,0.0,0.0,,,
Pierre Sélection,PIE-002,Immeuble Levallois-Perret 2,100 boulevard Victor Hugo,Levallois-Perret,92300,France,Île-de-France,Bureaux,2023-03-01,16971,,100.0,115402800,104949524.77489445,6748929.698275455,89.14873832418155,1,,189045,67394.68684139078,51572.41144275739,33496.190783128455,17901.622627409724,22086.8805149067,-3406.7922095930567,2024.0,Installation panneaux solaires,En cours
Pierre Sélection,PIE-003,Immeuble Paris 16ème 3,21 boulevard de la Paix,Paris 16ème,75016,France,Paris,Santé,2015-01-01,24627,,100.0,127099947,129446301.03201787,5833531.278870937,93.05630725759721,7,,0,0.0,0.0,0.0,0.0,0.0,0.0,,,
Pierre Sélection,PIE-004,Immeuble Paris 17ème 4,81 boulevard Jean Jaurès,Paris 17ème,75017,France,Paris,Logistique,2013-02-01,5197,,100.0,31831625,27674003.61345326,1484649.9977012156,85.97477759719722,8,,2339102,988604.1783079804,286743.665752007,296301.9373336243,169854.68459473725,285381.93542368524,312215.598587966,2024.0,Rénovation parties communes,Planifié
Pierre Sélection,PIE-005,Immeuble Issy-les-Moulineaux 5,100 rue de la Paix,Issy-les-Moulineaux,92130,France,Île-de-France,Bureaux,2018-01-01,3767,,100.0,19912362,19966114.926815175,911186.5633618198,89.95666553887182,14,,0,0.0,0.0,0.0,0.0,0.0,0.0,,,
Pierre Sélection,PIE-006,Immeuble Lyon Part-Dieu 6,71 boulevard Général de Gaulle,Lyon Part-Dieu,69003,France,Auvergne-Rhône-Alpes,Santé,2020-12-01,4511,,100.0,30435717,26329663.85712974,1899589.8395171957,96.25432435297137,12,,0,0.0,0.0,0.0,0.0,0.0,0.0,,,
Pierre Sélection,PIE-007,Immeuble Levallois-Perret 7,22 boulevard Général de Gaulle,Levallois-Perret,92300,France,Île-de-France,Activités,2016-06-01,20985,,100.0,100119435,95620426.34925793,5481777.602779259,91.81700471169046,8,,0,0.0,0.0,0.0,0.0,0.0,0.0,,,
Pierre Sélection,PIE-008,Immeuble Paris 9ème 8,33 boulevard de la République,Paris 9ème,75009,France,Paris,Activités,2012-08-01,8248,,100.0,65819040,61832520.82571211,3070118.1735082064,86.74471259840246,14,,0,0.0,0.0,0.0,0.0,0.0,0.0,,,
Pierre Sélection,PIE-009,Immeuble Neuilly-sur-Seine 9,13 avenue de la Paix,Neuilly-sur-Seine,92200,France,Île-de-France,Santé,2012-02-01,4783,,100.0,23814557,23268201.052024987,1422505.5955744807,99.86524531354763,3,,0,0.0,0.0,0.0,0.0,0.0,0.0,,,
Pierre Sélection,PIE-010,Immeuble Nice 10,116 boulevard Victor Hugo,Nice,06000,France,Provence-Alpes-Côte d'Azur,Logistique,2018-04-01,10316,,100.0,64278996,63693619.44573071,3827228.385369137,86.35178822153723,15,,0,0.0,0.0,0.0,0.0,0.0,0.0,,,
Pierre Sélection,PIE-011,Immeuble Toulouse Blagnac 11,25 boulevard Victor Hugo,Toulouse Blagnac,31700,France,Occitanie,Logistique,2016-09-01,4907,,100.0,31080938,28965534.961321756,1430887.967300682,90.59738887841844,13,,2379504,922264.54388044,458651.92188462097,325985.24673751165,165253.62445837157,310747.0127669546,196601.6502721011,2024.0,Travaux amiante et désamiantage,Réalisé
Pierre Sélection,PIE-012,Immeuble Boulogne-Billancourt 12,147 rue de la Paix,Boulogne-Billancourt,92100,France,Île-de-France,Activités,2022-02-01,2669,,100.0,15424151,13793934.778087836,968518.3342622212,94.41724848597184,11,,3106874,771173.5698127602,550360.2167686722,573778.7445499536,364433.3092096104,240213.802813441,606914.3568455628,2024.0,Rénovation sanitaires,En cours
Pierre Sélection,PIE-013,Immeuble Toulouse Blagnac 13,76 rue de la République,Toulouse Blagnac,31700,France,Occitanie,Activités,2013-04-01,7981,,100.0,43153267,42231280.87363715,2801137.176369851,94.87691305885987,5,,0,0.0,0.0,0.0,0.0,0.0,0.0,,,
Pierre Sélection,PIE-014,Immeuble Montpellier 14,24 rue de la République,Montpellier,34000,France,Occitanie,Bureaux,2023-03-01,19191,,100.0,105704028,109803733.54660244,5869675.229084543,98.11605690154943,7,,1675561,683296.1705501309,234023.96789489128,321612.13529026584,173903.73791276058,84569.33965886582,178155.64869308556,2024.0,Rénovation parties communes,En cours
Pierre Sélection,PIE-015,Immeuble Paris 17ème 15,5 rue de la République,Paris 17ème,75017,France,Paris,Logistique,2018-12-01,24693,,100.0,92672829,79477648.25477967,4485580.322834568,97.8850039196758,14,,0,0.0,0.0,0.0,0.0,0.0,0.0,,,
Pierre Sélection,PIE-016,Immeuble Paris 17ème 16,97 rue de la Paix,Paris 17ème,75017,France,Paris,Bureaux,2010-12-01,3658,,100.0,18717986,17235807.587154698,902771.1398282043,86.4460358190447,4,,0,0.0,0.0,0.0,0.0,0.0,0.0,,,
Pierre Sélection,PIE-017,Immeuble Rennes 17,135 boulevard Victor Hugo,Rennes,35000,France,Bretagne,Commerces,2018-01-01,7857,,100.0,37517175,32824649.503732212,2365925.558866658,96.8143827297296,1,,1496926,615985.7209514624,416232.6872966821,240563.1228706705,188378.88242029544,126711.05115226527,-90945.46469137566,2024.0,Rénovation façades et menuiseries,Planifié
Atout Pierre Diversification,ATO-001,Immeuble Bordeaux Euratlantique 1,80 boulevard Jean Jaurès,Bordeaux Euratlantique,33000,France,Nouvelle-Aquitaine,Commerces,2012-02-01,21311,,100.0,73927859,67584005.81638224,3809652.671547517,93.92014119491733,2,,3076306,819542.732632034,567378.6192450912,409664.2044015857,271457.00481414766,445961.82233911497,562301.6165680265,2024.0,Création espaces verts et terrasses,Planifié
Atout Pierre Diversification,ATO-002,Immeuble Bordeaux Euratlantique 2,25 avenue Général de Gaulle,Bordeaux Euratlantique,33000,France,Nouvelle-Aquitaine,Santé,2017-03-01,8726,,100.0,68743428,61470113.074908555,3471664.200491293,97.78395961106315,1,,0,0.0,0.0,0.0,0.0,0.0,0.0,,,
Atout Pierre Diversification,ATO-003,Immeuble Paris 8ème 3,82 rue Jean Jaurès,Paris 8ème,75008,France,Paris,Commerces,2010-11-01,16840,,100.0,93360960,80246313.60424191,5670271.660486124,88.70664583500161,11,,0,0.0,0.0,0.0,0.0,0.0,0.0,,,
Atout Pierre Diversification,ATO-004,Immeuble Montpellier 4,135 boulevard de la République,Montpellier,34000,France,Occitanie,Santé,2018-08-01,4164,,100.0,24804948,25657709.56087694,1384592.0374515192,87.30398672318074,14,,0,0.0,0.0,0.0,0.0,0.0,0.0,,,
Atout Pierre Diversification,ATO-005,Immeuble Toulouse Labège 5,86 rue Victor Hugo,Toulouse Labège,31670,France,Occitanie,Commerces,2022-08-01,12221,,100.0,48676243,43358778.05126834,3133035.7137355898,99.22663722076761,3,,2301145,589946.8236100926,269969.2103085877,413076.90035989357,302491.72133021354,138571.86440593752,587088.4799852751,2024.0,Mise aux normes sécurité incendie,En cours
Atout Pierre Diversification,ATO-006,Immeuble Aix-en-Provence 6,49 boulevard Général de Gaulle,Aix-en-Provence,13100,France,Provence-Alpes-Côte d'Azur,Santé,2019-05-01,2088,,100.0,8888616,8159646.044629925,441986.79381199885,87.36336458678507,3,,0,0.0,0.0,0.0,0.0,0.0,0.0,,,
Atout Pierre Diversification,ATO-007,Immeuble Aix-en-Provence 7,32 boulevard Jean Jaurès,Aix-en-Provence,13100,France,Provence-Alpes-Côte d'Azur,Activités,2016-05-01,11082,,100.0,58989486,59400199.32945614,3356214.5913512777,87.18505196118035,3,,0,0.0,0.0,0.0,0.0,0.0,0.0,,,
Atout Pierre Diversification,ATO-008,Immeuble Paris 17ème 8,3 avenue Jean Jaurès,Paris 17ème,75017,France,Paris,Bureaux,2016-07-01,6689,,100.0,46555440,44168116.12824741,2864354.096241774,87.49897916268071,10,,0,0.0,0.0,0.0,0.0,0.0,0.0,,,
Atout Pierre Diversification,ATO-009,Immeuble Boulogne-Billancourt 9,8 avenue de la République,Boulogne-Billancourt,92100,France,Île-de-France,Logistique,2016-03-01,19998,,100.0,120167982,115958603.02043383,7450253.302929192,88.00418095127762,5,,755912,304052.83060284413,171388.38105956718,118572.14077456036,89685.54257601211,86706.5017779888,-14493.396790972596,2024.0,Rénovation énergétique - mise aux normes RT2020,En cours
Atout Pierre Diversification,ATO-010,Immeuble Saint-Denis 10,137 rue Victor Hugo,Saint-Denis,93200,France,Île-de-France,Santé,2013-03-01,19825,,100.0,128347050,113918121.9585803,6005739.225245492,97.31133483335287,14,,0,0.0,0.0,0.0,0.0,0.0,0.0,,,
Atout Pierre Diversification,ATO-011,Immeuble Toulouse Labège 11,88 boulevard Jean Jaurès,Toulouse Labège,31670,France,Occitanie,Bureaux,2023-02-01,14024,,100.0,99935024,103062952.2516454,5354190.310671339,86.33057032621264,9,,0,0.0,0.0,0.0,0.0,0.0,0.0,,,
Atout Pierre Diversification,ATO-012,Immeuble Marseille Euroméditerranée 12,132 avenue Victor Hugo,Marseille Euroméditerranée,13002,France,Provence-Alpes-Côte d'Azur,Bureaux,2021-05-01,5947,,100.0,42568626,43728965.23408456,2398003.596017483,95.47722437400034,9,,0,0.0,0.0,0.0,0.0,0.0,0.0,,,
Atout Pierre Diversification,ATO-013,Immeuble La Défense 13,57 boulevard Général de Gaulle,La Défense,92800,France,Île-de-France,Commerces,2017-02-01,12150,,100.0,69558750,66523157.74682084,3650594.5894223265,86.88904501473216,1,,516386,188267.93058722842,96606.34204920703,92436.95358929472,50213.50075494893,72052.73585322796,16808.53716609297,2024.0,Rénovation sanitaires,Planifié
Atout Pierre Diversification,ATO-014,Immeuble Boulogne-Billancourt 14,25 avenue Jean Jaurès,Boulogne-Billancourt,92100,France,Île-de-France,Santé,2014-09-01,7055,,100.0,36255645,37311758.415419534,1954308.6052860287,93.448178084376,11,,0,0.0,0.0,0.0,0.0,0.0,0.0,,,
Atout Pierre Diversification,ATO-015,Immeuble Nice 15,117 boulevard Victor Hugo,Nice,06000,France,Provence-Alpes-Côte d'Azur,Activités,2018-11-01,22241,,100.0,76842655,66465706.39109206,3975112.1129112975,85.8323852986623,8,,0,0.0,0.0,0.0,0.0,0.0,0.0,,,
Atout Pierre Diversification,ATO-016,Immeuble Boulogne-Billancourt 16,135 boulevard Victor Hugo,Boulogne-Billancourt,92100,France,Île-de-France,Bureaux,2011-06-01,17584,,100.0,68718272,66873334.98985384,3334843.9595418223,87.42056458396975,4,,0,0.0,0.0,0.0,0.0,0.0,0.0,,,
Atout Pierre Diversification,ATO-017,Immeuble Lyon Part-Dieu 17,133 boulevard Jean Jaurès,Lyon Part-Dieu,69003,France,Auvergne-Rhône-Alpes,Santé,2023-10-01,13324,,100.0,93894228,94508005.3459832,4630769.5825942485,95.8287573858235,9,,3287021,977277.5768495847,979920.443544608,460717.1882393476,399622.1882613434,473395.1766329674,-3911.5735278512293,2024.0,Amélioration performance thermique,Planifié
Atout Pierre Diversification,ATO-018,Immeuble Lyon Part-Dieu 18,1 boulevard Victor Hugo,Lyon Part-Dieu,69003,France,Auvergne-Rhône-Alpes,Commerces,2010-04-01,4260,,100.0,14944080,13588774.607045949,742422.2496046205,94.10505153769395,8,,0,0.0,0.0,0.0,0.0,0.0,0.0,,,
Atout Pierre Diversification,ATO-019,Immeuble Paris 16ème 19,85 avenue Victor Hugo,Paris 16ème,75016,France,Paris,Activités,2014-11-01,14775,,100.0,91870950,94823168.61076483,5957557.802665397,86.27954902471095,6,,0,0.0,0.0,0.0,0.0,0.0,0.0,,,
Atout Pierre Diversification,ATO-020,Immeuble Rennes 20,22 boulevard Général de Gaulle,Rennes,35000,France,Bretagne,Bureaux,2015-06-01,2766,,100.0,18880716,18763610.646194942,1099569.983469252,94.4918486618717,3,,0,0.0,0.0,0.0,0.0,0.0,0.0,,,
Atout Pierre Diversification,ATO-021,Immeuble Strasbourg 21,4 avenue Jean Jaurès,Strasbourg,67000,France,Grand Est,Bureaux,2011-10-01,4189,,100.0,24493083,22207377.88416659,1569870.5254573578,85.76074529758915,8,,1366458,624648.6494984948,404129.4395666763,250929.60750130797,149455.93095745347,141283.9200730731,-203989.54759700564,2024.0,Réfection toiture et étanchéité,En cours
Atout Pierre Diversification,ATO-022,Immeuble Paris 17ème 22,47 rue de la République,Paris 17ème,75017,France,Paris,Santé,2019-09-01,21674,,100.0,73084728,68707761.13982208,4483542.432185006,96.79155922365986,3,,0,0.0,0.0,0.0,0.0,0.0,0.0,,,
Atout Pierre Diversification,ATO-023,Immeuble Bordeaux Euratlantique 23,37 rue Général de Gaulle,Bordeaux Euratlantique,33000,France,Nouvelle-Aquitaine,Activités,2010-04-01,15617,,100.0,53363289,48279046.58259789,2538184.497812587,90.36643830920269,1,,0,0.0,0.0,0.0,0.0,0.0,0.0,,,
Atout Pierre Diversification,ATO-024,Immeuble Bordeaux Lac 24,63 rue Victor Hugo,Bordeaux Lac,33300,France,Nouvelle-Aquitaine,Commerces,2012-03-01,10966,,100.0,52209126,45285316.27197618,3393301.5183595987,98.21288572605249,14,,1706829,770975.3168667323,445333.58204461896,337509.8960791095,121933.7864931765,93127.28097090466,-62050.86245454191,2024.0,Amélioration performance thermique,Réalisé
Atout Pierre Diversification,ATO-025,Immeuble Paris 16ème 25,34 boulevard Général de Gaulle,Paris 16ème,75016,France,Paris,Commerces,2013-12-01,18000,,100.0,117396000,113181995.56229891,7583887.127019567,87.10109929553616,12,,0,0.0,0.0,0.0,0.0,0.0,0.0,,,
Atout Pierre Diversification,ATO-026,Immeuble Nice 26,71 boulevard de la Paix,Nice,06000,France,Provence-Alpes-Côte d'Azur,Commerces,2019-06-01,6664,,100.0,35705712,37280770.22839714,1645185.4030480005,94.55802259959798,3,,2450244,1086472.3868460692,391854.50142935367,274686.8968387416,267116.0069139649,353574.7884716625,76539.41950020789,2024.0,Réfection toiture et étanchéité,En cours
Atout Pierre Diversification,ATO-027,Immeuble Levallois-Perret 27,16 avenue de la République,Levallois-Perret,92300,France,Île-de-France,Commerces,2011-11-01,20533,,100.0,116771171,114427961.16545087,5717583.208129978,94.56697715529788,8,,354255,153028.37754289174,53993.09326553766,61843.76243641845,52000.97320854389,25400.915061367974,7987.878485240331,2024.0,Remplacement système CVC,Réalisé
Atout Pierre Diversification,ATO-028,Immeuble Toulouse Labège 28,83 rue Jean Jaurès,Toulouse Labège,31670,France,Occitanie,Bureaux,2016-05-01,5806,,100.0,30098304,30836632.626393657,1432026.8568060838,96.24229860440178,5,,0,0.0,0.0,0.0,0.0,0.0,0.0,,,
