scpi_source,id_actif,nom_actif,type_actif,ville,surface_m2,valeur_venale,travaux_total,travaux_renovation,travaux_gros_entretien,travaux_mise_conformite,travaux_environnementaux,travaux_amelioration,travaux_autres,capex_par_m2,capex_sur_vv_pct,annee_travaux,description_travaux,statut_travaux,source_donnee
Rivoli Avenir Patrimoine,RIV-001,Immeuble Bordeaux Lac 1,Santé,Bordeaux Lac,4454,33511896,2875000,1239778.5843250393,614315.028580812,307204.22098379774,363457.68443113385,341813.111395513,8431.370283703665,645.4872025145936,8.579043095621925,2024.0,Remplacement système CVC,Réalisé,Actif Direct
Rivoli Avenir Patrimoine,RIV-002,Immeuble Saint-Denis 2,Activités,Saint-Denis,11355,77316195,3465126,1657501.8027288534,884523.9065051351,640927.726664201,500370.2404120583,205673.55367600964,-423871.2299862581,305.16301188903566,4.481759610648196,2024.0,Remplacement système CVC,Planifié,Actif Direct
Rivoli Avenir Patrimoine,RIV-003,Immeuble Boulogne-Billancourt 3,Bureaux,Boulogne-Billancourt,9653,53873393,459785,207738.2141372922,126928.32590903876,86344.33143487744,47872.57194252702,25761.00654679351,-34859.44997052903,47.631306329638456,0.8534546914466664,2024.0,Réfection toiture et étanchéité,En cours,Actif Direct
Rivoli Avenir Patrimoine,RIV-005,Immeuble Lyon Confluence 5,Commerces,Lyon Confluence,14528,66378432,411921,160597.72600789546,56361.08491868855,64147.038901652486,26886.97977339039,45583.530134517685,58344.6402638554,28.353593061674008,0.6205645231270301,2024.0,Mise en conformité accessibilité PMR,Planifié,Actif Direct
Rivoli Avenir Patrimoine,RIV-006,Immeuble Bordeaux Lac 6,Bureaux,Bordeaux Lac,19736,148671288,3260459,723332.6352947368,574566.39169079,430861.972140138,177401.6500845695,317963.1349348191,1036333.2158549466,165.20363802188893,2.1930656846128893,2024.0,Rénovation sanitaires,En cours,Actif Direct
Rivoli Avenir Patrimoine,RIV-008,Immeuble Paris 8ème 8,Bureaux,Paris 8ème,20936,86444744,538169,253586.85351016143,113338.10128711707,65429.922424696415,65632.52576508676,72407.11612007458,-32225.51910713623,25.70543561329767,0.6225583824969161,2024.0,Amélioration performance thermique,Planifié,Actif Direct
Rivoli Avenir Patrimoine,RIV-009,Immeuble Montpellier 9,Santé,Montpellier,8861,32661646,793483,364852.89397905173,90107.04530634751,104864.7207098907,90001.71075690059,58565.63520810388,85090.99403970559,89.54779370274235,2.429402976200281,2024.0,Rénovation sanitaires,Planifié,Actif Direct
Rivoli Avenir Patrimoine,RIV-012,Immeuble Rennes 12,Commerces,Rennes,24982,185791134,3216048,695749.9338141598,813341.1796592528,382107.11863056355,471489.8989606711,466957.2801786899,386402.58875666244,128.73460891842126,1.7310018679362815,2024.0,Mise aux normes sécurité incendie,Réalisé,Actif Direct
Rivoli Avenir Patrimoine,RIV-014,Immeuble Bordeaux Lac 14,Activités,Bordeaux Lac,21917,85783138,3120565,1274890.653770159,581313.9215947547,370821.5163186755,279932.9603537667,199145.18034440617,414460.7676182378,142.38102842542318,3.6377370573690135,2024.0,Installation bornes de recharge VE,Planifié,Actif Direct
Rivoli Avenir Patrimoine,RIV-016,Immeuble Aix-en-Provence 16,Santé,Aix-en-Provence,14265,67958460,479193,197184.94269747412,65417.18377729815,79570.53987481663,43451.19100970637,43002.62499419356,50566.517646511114,33.59221871713985,0.7051263374714495,2024.0,Mise aux normes sécurité incendie,Planifié,Actif Direct
Rivoli Avenir Patrimoine,RIV-017,Immeuble Toulouse Labège 17,Activités,Toulouse Labège,20172,66103644,2420104,494601.6272876734,410831.2162758016,302452.2553757212,315119.31327223394,317827.36722093116,579272.220567639,119.97342851477295,3.661075023337594,2024.0,Réaménagement plateaux de bureaux,En cours,Actif Direct
Rivoli Avenir Patrimoine,RIV-018,Immeuble Paris 8ème 18,Logistique,Paris 8ème,20489,104555367,2405436,1058018.8301307182,297133.78579005774,427977.28088999254,129577.75937693167,206386.21623345106,286342.127578849,117.40133730294305,2.300633692003587,2024.0,Travaux amiante et désamiantage,Planifié,Actif Direct
Rivoli Avenir Patrimoine,RIV-019,Immeuble Toulouse Blagnac 19,Bureaux,Toulouse Blagnac,17616,140188128,1079103,488470.61432093085,185259.5473865577,214839.79473544052,58929.31619260201,69624.40686883735,61979.32049563154,61.25698228882834,0.7697534844034725,2024.0,Création espaces verts et terrasses,Réalisé,Actif Direct
Rivoli Avenir Patrimoine,RIV-020,Immeuble Levallois-Perret 20,Bureaux,Levallois-Perret,14476,44166276,2612760,538472.4031236947,638334.9955866032,316718.23127406935,184488.1949482551,193733.52086035846,741012.654207019,180.4890853827024,5.915735345221318,2024.0,Remplacement système CVC,Planifié,Actif Direct
Aestiam Placement Pierre,AES-003,Immeuble Neuilly-sur-Seine 3,Logistique,Neuilly-sur-Seine,10795,85938995,764224,214207.099069817,159129.7321748873,138357.38744950332,101765.77262616683,94797.42047474731,55966.58820487829,70.7942566002779,0.8892633664147458,2024.0,Amélioration performance thermique,Réalisé,Actif Direct
Aestiam Placement Pierre,AES-007,Immeuble Bordeaux Euratlantique 7,Logistique,Bordeaux Euratlantique,17526,132198618,1874041,566927.4322168995,254940.82619140422,188414.96916957328,128227.7773077945,240124.23159208603,495405.76352224237,106.92919091635285,1.4175950008796612,2024.0,Installation bornes de recharge VE,En cours,Actif Direct
Aestiam Placement Pierre,AES-008,Immeuble Levallois-Perret 8,Bureaux,Levallois-Perret,9190,67941670,2569308,1045471.7853278846,427199.6815110212,327505.61580170103,307917.4810280793,140180.29059015375,321033.14574115997,279.5764961915125,3.781637984465204,2024.0,Réaménagement plateaux de bureaux,En cours,Actif Direct
Aestiam Placement Pierre,AES-012,Immeuble Issy-les-Moulineaux 12,Bureaux,Issy-les-Moulineaux,3238,16662748,2070557,859977.7262511768,389913.8428378039,353880.73317839863,245378.91551688808,281079.3567662482,-59673.574550515325,639.4555281037677,12.42626366311247,2024.0,Remplacement système CVC,En cours,Actif Direct
Aestiam Placement Pierre,AES-015,Immeuble Rennes 15,Bureaux,Rennes,16968,122322312,2108655,1033781.4257107893,233933.6267293698,228752.03653215442,163036.98040360265,148746.86084963207,300404.0697744521,124.27245403111739,1.7238514916232124,2024.0,Rénovation parties communes,Planifié,Actif Direct
Aestiam Placement Pierre,AES-016,Immeuble Bordeaux Euratlantique 16,Logistique,Bordeaux Euratlantique,21559,112365508,2396755,866053.0718077833,323998.11056706245,240502.1939247708,131431.5567186577,274665.6926667302,560104.3743149955,111.17190036643629,2.1329988558410644,2024.0,Modernisation ascenseurs,En cours,Actif Direct
Aestiam Placement Pierre,AES-017,Immeuble La Défense 17,Santé,La Défense,23105,148357205,297269,116179.10634007113,82497.61393192736,57256.48650818303,26220.638385202685,33911.47846424107,-18796.32362962524,12.866003029647262,0.20037382073893883,2024.0,Remplacement système CVC,Réalisé,Actif Direct
Aestiam Placement Pierre,AES-020,Immeuble Toulouse Labège 20,Commerces,Toulouse Labège,9531,54650754,2636073,598684.705766605,660314.5855539187,520028.732908893,241074.48589668152,140856.95757303495,475113.53230086673,276.5788479697828,4.823488803100503,2024.0,Rénovation sanitaires,Réalisé,Actif Direct
Aestiam Placement Pierre,AES-021,Immeuble Strasbourg 21,Santé,Strasbourg,18976,93741440,2254205,694911.9194527406,417309.9481573016,428143.4113811848,272717.87501316157,123896.39298578321,317225.45300982817,118.79242200674537,2.404704898921971,2024.0,Amélioration performance thermique,Planifié,Actif Direct
Aestiam Placement Pierre,AES-025,Immeuble Levallois-Perret 25,Activités,Levallois-Perret,10088,75962640,913960,373887.3600917662,216514.7546343532,108226.91692686781,85648.3215046068,88955.98446971882,40726.662372687235,90.59873116574147,1.2031704006074566,2024.0,Mise aux normes sécurité incendie,Planifié,Actif Direct
Aestiam Placement Pierre,AES-026,Immeuble Nice 26,Santé,Nice,16481,89541273,289795,121238.00501989134,71234.2502638981,34287.01430803501,37738.879765529025,21189.963100016008,4106.887542630508,17.583581093380257,0.32364404736573266,2024.0,Rénovation énergétique - mise aux normes RT2020,Planifié,Actif Direct
LF Croissance & Territoires,LF -004,Immeuble Lille Euralille 4,Santé,Lille Euralille,10072,62174456,2997746,1451018.4507388724,448301.827854992,322681.3596781799,411815.39104839566,354349.5185528911,9579.452126668935,297.6316521048451,4.821507404905963,2024.0,Rénovation sanitaires,En cours,Actif Direct
LF Croissance & Territoires,LF -006,Immeuble Lyon Confluence 6,Bureaux,Lyon Confluence,10062,42129594,2789694,1236788.3712120077,481290.1053617972,301402.3117286189,230728.56618749903,224193.86406541272,315290.78144466475,277.2504472271914,6.621696852810876,2024.0,Remplacement système CVC,Planifié,Actif Direct
LF Croissance & Territoires,LF -007,Immeuble Paris 9ème 7,Commerces,Paris 9ème,6234,45240138,2146307,555292.6066942371,573533.9278720823,222256.61902961924,126629.76915370383,261495.7331346577,407098.3441156997,344.29050368944496,4.744253874733981,2024.0,Rénovation sanitaires,En cours,Actif Direct
LF Croissance & Territoires,LF -008,Immeuble Toulouse Labège 8,Santé,Toulouse Labège,14247,88716069,2140110,754848.753034583,514643.95018803293,364868.2975852018,128236.97029326485,163332.29280498176,214179.73609393564,150.21478205938092,2.4123138278365333,2024.0,Modernisation ascenseurs,Planifié,Actif Direct
LF Croissance & Territoires,LF -016,Immeuble Bordeaux Euratlantique 16,Commerces,Bordeaux Euratlantique,19832,118119392,1549501,588579.6061382865,359980.24686192273,246873.30801318857,104048.47238015337,199302.91711076975,50716.449495679015,78.13135336829367,1.3118091566201087,2024.0,Mise aux normes sécurité incendie,En cours,Actif Direct
LF Croissance & Territoires,LF -019,Immeuble Aix-en-Provence 19,Santé,Aix-en-Provence,16041,64500861,3250024,1373334.1724247516,618515.071778109,457406.30402895564,283343.99406118615,462981.1595617032,54443.29814529406,202.6073187457141,5.038729638043126,2024.0,Rénovation sanitaires,En cours,Actif Direct
LF Croissance & Territoires,LF -020,Immeuble Lyon Part-Dieu 20,Logistique,Lyon Part-Dieu,14678,62836518,3340286,971455.4061190295,429356.2218478683,342031.44590640825,422049.5022516229,256060.58030066738,919332.8435744034,227.57092246900123,5.315835610114488,2024.0,Réaménagement plateaux de bureaux,En cours,Actif Direct
LF Croissance & Territoires,LF -022,Immeuble Lille Euralille 22,Logistique,Lille Euralille,23847,115300245,652349,184673.6499569532,135998.93658678315,97835.17158376556,64821.873247350435,60231.13523049429,108788.23339465329,27.355600285151173,0.5657828394033335,2024.0,Remplacement système CVC,En cours,Actif Direct
LF Croissance & Territoires,LF -023,Immeuble La Défense 23,Bureaux,La Défense,13611,93779790,3274165,1129109.8349106875,358134.2296462808,579641.1420863218,314142.33671073953,331170.1751871449,561967.2814588251,240.5528616560135,3.4913332606097756,2024.0,Installation bornes de recharge VE,Planifié,Actif Direct
LF Croissance & Territoires,LF -029,Immeuble Saint-Denis 29,Activités,Saint-Denis,17540,106818600,632361,227315.62231580337,95586.99583344089,91928.02207441232,34481.56639719524,62092.15888706513,120956.63449208306,36.05250855188142,0.5919952143166078,2024.0,Rénovation énergétique - mise aux normes RT2020,En cours,Actif Direct
Pierre Sélection,PIE-002,Immeuble Levallois-Perret 2,Bureaux,Levallois-Perret,16971,115402800,189045,67394.68684139078,51572.41144275739,33496.190783128455,17901.622627409724,22086.8805149067,-3406.7922095930567,11.139296446879971,0.1638131830423525,2024.0,Installation panneaux solaires,En cours,Actif Direct
Pierre Sélection,PIE-004,Immeuble Paris 17ème 4,Logistique,Paris 17ème,5197,31831625,2339102,988604.1783079804,286743.665752007,296301.9373336243,169854.68459473725,285381.93542368524,312215.598587966,450.0869732538003,7.3483587470008205,2024.0,Rénovation parties communes,Planifié,Actif Direct
Pierre Sélection,PIE-011,Immeuble Toulouse Blagnac 11,Logistique,Toulouse Blagnac,4907,31080938,2379504,922264.54388044,458651.92188462097,325985.24673751165,165253.62445837157,310747.0127669546,196601.6502721011,484.9203179131853,7.655830721711165,2024.0,Travaux amiante et désamiantage,Réalisé,Actif Direct
Pierre Sélection,PIE-012,Immeuble Boulogne-Billancourt 12,Activités,Boulogne-Billancourt,2669,15424151,3106874,771173.5698127602,550360.2167686722,573778.7445499536,364433.3092096104,240213.802813441,606914.3568455628,1164.0591982015737,20.1429174286481,2024.0,Rénovation sanitaires,En cours,Actif Direct
Pierre Sélection,PIE-014,Immeuble Montpellier 14,Bureaux,Montpellier,19191,105704028,1675561,683296.1705501309,234023.96789489128,321612.13529026584,173903.73791276058,84569.33965886582,178155.64869308556,87.30972851857642,1.5851439455079233,2024.0,Rénovation parties communes,En cours,Actif Direct
Pierre Sélection,PIE-017,Immeuble Rennes 17,Commerces,Rennes,7857,37517175,1496926,615985.7209514624,416232.6872966821,240563.1228706705,188378.88242029544,126711.05115226527,-90945.46469137566,190.52131856942853,3.9899752579985037,2024.0,Rénovation façades et menuiseries,Planifié,Actif Direct
Atout Pierre Diversification,ATO-001,Immeuble Bordeaux Euratlantique 1,Commerces,Bordeaux Euratlantique,21311,73927859,3076306,819542.732632034,567378.6192450912,409664.2044015857,271457.00481414766,445961.82233911497,562301.6165680265,144.35296325841114,4.1612269604615495,2024.0,Création espaces verts et terrasses,Planifié,Actif Direct
Atout Pierre Diversification,ATO-005,Immeuble Toulouse Labège 5,Commerces,Toulouse Labège,12221,48676243,2301145,589946.8236100926,269969.2103085877,413076.90035989357,302491.72133021354,138571.86440593752,587088.4799852751,188.2943294329433,4.727449897889613,2024.0,Mise aux normes sécurité incendie,En cours,Actif Direct
Atout Pierre Diversification,ATO-009,Immeuble Boulogne-Billancourt 9,Logistique,Boulogne-Billancourt,19998,120167982,755912,304052.83060284413,171388.38105956718,118572.14077456036,89685.54257601211,86706.5017779888,-14493.396790972596,37.7993799379938,0.6290460964884973,2024.0,Rénovation énergétique - mise aux normes RT2020,En cours,Actif Direct
Atout Pierre Diversification,ATO-013,Immeuble La Défense 13,Commerces,La Défense,12150,69558750,516386,188267.93058722842,96606.34204920703,92436.95358929472,50213.50075494893,72052.73585322796,16808.53716609297,42.50090534979424,0.7423738925728252,2024.0,Rénovation sanitaires,Planifié,Actif Direct
Atout Pierre Diversification,ATO-017,Immeuble Lyon Part-Dieu 17,Santé,Lyon Part-Dieu,13324,93894228,3287021,977277.5768495847,979920.443544608,460717.1882393476,399622.1882613434,473395.1766329674,-3911.5735278512293,246.6992644851396,3.500770036684257,2024.0,Amélioration performance thermique,Planifié,Actif Direct
Atout Pierre Diversification,ATO-021,Immeuble Strasbourg 21,Bureaux,Strasbourg,4189,24493083,1366458,624648.6494984948,404129.4395666763,250929.60750130797,149455.93095745347,141283.9200730731,-203989.54759700564,326.2014800668417,5.578954678755631,2024.0,Réfection toiture et étanchéité,En cours,Actif Direct
Atout Pierre Diversification,ATO-024,Immeuble Bordeaux Lac 24,Commerces,Bordeaux Lac,10966,52209126,1706829,770975.3168667323,445333.58204461896,337509.8960791095,121933.7864931765,93127.28097090466,-62050.86245454191,155.64736458143352,3.2692158072134747,2024.0,Amélioration performance thermique,Réalisé,Actif Direct
Atout Pierre Diversification,ATO-026,Immeuble Nice 26,Commerces,Nice,6664,35705712,2450244,1086472.3868460692,391854.50142935367,274686.8968387416,267116.0069139649,353574.7884716625,76539.41950020789,367.68367346938777,6.8623305985328065,2024.0,Réfection toiture et étanchéité,En cours,Actif Direct
Atout Pierre Diversification,ATO-027,Immeuble Levallois-Perret 27,Commerces,Levallois-Perret,20533,116771171,354255,153028.37754289174,53993.09326553766,61843.76243641845,52000.97320854389,25400.915061367974,7987.878485240331,17.252958651926168,0.3033753939146504,2024.0,Remplacement système CVC,Réalisé,Actif Direct
Rivoli Avenir Patrimoine,SCI-SCI RIV La Défense 3,SCI RIV La Défense 3,SCI,,16411,65561945,3258155,0.0,0.0,0.0,0.0,0.0,0.0,198.53482420327828,4.969582583311096,,,,SCI
Aestiam Placement Pierre,SCI-SCI AES Rennes 1,SCI AES Rennes 1,SCI,,13656,56931864,1866316,0.0,0.0,0.0,0.0,0.0,0.0,136.66637375512596,3.2781572020898526,,,,SCI
Aestiam Placement Pierre,SCI-SCI AES Toulouse Labège 2,SCI AES Toulouse Labège 2,SCI,,18732,128576448,4466503,0.0,0.0,0.0,0.0,0.0,0.0,238.44239803544735,3.473811160190084,,,,SCI
Aestiam Placement Pierre,SCI-SCI AES Lille Euralille 3,SCI AES Lille Euralille 3,SCI,,12569,81044912,6575634,0.0,0.0,0.0,0.0,0.0,0.0,523.16286100724,8.113567943660671,,,,SCI
Aestiam Placement Pierre,SCI-SCI AES La Défense 5,SCI AES La Défense 5,SCI,,14776,109593592,3321307,0.0,0.0,0.0,0.0,0.0,0.0,224.77713860314023,3.0305667871530297,,,,SCI
LF Croissance & Territoires,SCI-SCI LF  Lyon Part-Dieu 1,SCI LF  Lyon Part-Dieu 1,SCI,,25604,108688980,6453732,0.0,0.0,0.0,0.0,0.0,0.0,252.05952194969535,5.937797925787876,,,,SCI
LF Croissance & Territoires,SCI-SCI LF  Issy-les-Moulineaux 3,SCI LF  Issy-les-Moulineaux 3,SCI,,29108,189580404,5772057,0.0,0.0,0.0,0.0,0.0,0.0,198.2979593238972,3.044648538674915,,,,SCI
LF Croissance & Territoires,SCI-SCI LF  Saint-Denis 5,SCI LF  Saint-Denis 5,SCI,,8260,47726280,2711371,0.0,0.0,0.0,0.0,0.0,0.0,328.25314769975785,5.681085976112113,,,,SCI
Pierre Sélection,SCI-SCI PIE Lille Euralille 1,SCI PIE Lille Euralille 1,SCI,,28488,160216512,5367726,0.0,0.0,0.0,0.0,0.0,0.0,188.42059814658805,3.350295130629233,,,,SCI
Pierre Sélection,SCI-SCI PIE Nice 3,SCI PIE Nice 3,SCI,,21832,154024760,5690407,0.0,0.0,0.0,0.0,0.0,0.0,260.64524551117626,3.6944754856297135,,,,SCI
Pierre Sélection,SCI-SCI PIE Levallois-Perret 4,SCI PIE Levallois-Perret 4,SCI,,29755,221764015,7899942,0.0,0.0,0.0,0.0,0.0,0.0,265.4996471181314,3.5623191616547887,,,,SCI
Pierre Sélection,SCI-SCI PIE La Défense 5,SCI PIE La Défense 5,SCI,,11335,61481040,7043997,0.0,0.0,0.0,0.0,0.0,0.0,621.4377591530657,11.457185825093395,,,,SCI
Atout Pierre Diversification,SCI-SCI ATO Nantes Atlantique 4,SCI ATO Nantes Atlantique 4,SCI,,8855,45939740,1656935,0.0,0.0,0.0,0.0,0.0,0.0,187.1185770750988,3.606757460969522,,,,SCI
