source_pdf,date_extraction,qualite_extraction,nb_indicateurs_extraits,nom_scpi,societe_gestion,type_scpi,visa_amf,date_creation,capital_nominal,capital_statutaire_max,nombre_parts,nombre_associes,capitalisation,valeur_nominale,prix_souscription,prix_retrait,prime_emission,valeur_realisation,valeur_realisation_par_part,valeur_reconstitution,valeur_reconstitution_par_part,valeur_venale_patrimoine,valeur_ifi_resident,valeur_ifi_non_resident,ecart_prix_reconstitution,taux_distribution,dividende_brut,dividende_exceptionnel,report_a_nouveau,report_a_nouveau_par_part,tri_5_ans,tri_10_ans,tri_15_ans,tri_20_ans,rendement_global_immobilier,tof_annuel,tof_t1,tof_t2,tof_t3,tof_t4,top_annuel,surface_vacante,surface_vacante_pct,nombre_actifs,nombre_actifs_direct,nombre_actifs_indirect,surface_totale,prix_moyen_m2,pct_bureaux,pct_commerces,pct_logistique,pct_activites,pct_sante,pct_residentiel,pct_hotellerie,pct_enseignement,pct_autres,pct_paris,pct_idf_hors_paris,pct_regions,pct_etranger,pct_france,nb_acquisitions,montant_acquisitions,nb_cessions,montant_cessions,plus_value_cessions,moins_value_cessions,collecte_brute,collecte_nette,parts_en_attente_retrait,montant_attente_retrait,delai_jouissance,ratio_endettement_ltv,emprunts_bancaires,dettes_financieres,tresorerie,endettement_net,loyers_quittances,produits_locatifs,produits_financiers,charges_immobilieres,resultat_immobilier,resultat_net,resultat_par_part,benefice_comptable,revenus_fonciers_par_part,revenus_financiers_par_part,commission_souscription_pct,commission_gestion_pct,commission_arbitrage_pct,commission_souscription_montant,commission_gestion_montant,provision_gros_entretien,total_travaux,travaux_amelioration,travaux_gros_entretien,travaux_renovation,travaux_mise_conformite,travaux_environnementaux,capex_par_m2,ratio_capex_valeur_venale
France SCPI - lf-croissance-et-territoires-rapport-annuel-2024.pdf,2026-01-13 11:39:34,Excellente,29,lf croissance et territoires,La Française,Bureaux,24-05,,,,31.0,,110700000.0,,,,,,,,,,,,,6.25,,,,,,,,,1.47,,,,,,,,9.3,2.0,,,50545.0,,62.7,4.25,4.9,,4.65,,,4.65,,4.2,56.0,56.0,,,90.0,,96.0,,,,,,17159.0,,,,,,,,,,,,,,,,,,9.0,9.0,,,9963000.0,,200.0,,,,,,0.003956870115738451,
ELYSEES_PIERRE_RA_2024.pdf,2026-01-13 11:39:34,Excellente,39,ELYSEES PIERRE,HSBC REIM,Bureaux,,,1010212460.0,,0.0,1583615632.0,,305.0,660.0,611.0,,,,,,,,,,,,,,,,,,,,87.75,,,,,,,10.0,5.0,,,554932.0,,27.0,23.0,105.0,7.0,,,25.0,,1.0,18.0,50.0,50.0,0.0,100.0,,,2024.0,10.0,2.03,,,,40097.0,24.9,,,,,,,,,,56239.0,,26.22,26.22,86562476.88,,,6.0,8.5,,39.6,,,1055.0,,2235.0,,,,0.0019011338326137257,
CRISTAL_LIFE_RA_2024.pdf,2026-01-13 11:39:36,Excellente,50,CRISTAL LIFE,Inter Gestion REIM,Bureaux,24-01,,760050.0,,31.0,,,150.0,89084413.0,,,183895608.0,5932116.387096774,175100576.0,5648405.677419355,0.0,,,1477.160318992897,5.37,,,0.24,0.007741935483870968,,,,,,,,,,,,,0.48,31.0,,,88961.0,,7.2,7.2,,24.57,8.2,,24.57,20.0,1.0,,24.57,21.55,,,9.0,89.0,,,14984473.0,78796.0,89084413.0,,,,,,5580000.0,5619576.0,10000.0,5570000.0,,,0.54,2.15,,20247058992.0,,7058992.0,,,12.0,13.2,,10690129.56,,205702.0,160528284.0,,205702.0,,,,1804.4793111588224,
CAPIFORCE_RA_2024.pdf,2026-01-13 11:39:36,Excellente,43,CAPIFORCE,,Bureaux,,9 décembre 1982,,,377131.0,,,153.0,,,,255.94,0.0006786501242273905,300.18,0.0007959568425825509,,,,,6.83,,,9.49,2.5163669918410313e-05,,,,,,97.38,,,,,,,9.5,90.0,,,7400.0,,19.2,7.5,,10.4,,,,6.0,1.0,29.5,20.4,50.1,10.0,,,,,,15.0,,,,4344.0,,,8.16,,,,,7941471.94,,0.56,111.0,,16.22,,9614960.42,,,8.0,8.5,,,,,169.0,343.0,569.0,45.0,169.0,,0.022837837837837837,
France SCPI - aestiam-placement-pierre-rapport-annuel-2024.pdf,2026-01-13 11:39:37,Excellente,50,aestiam placement pierre,,Bureaux,19-01,22 Avril 1986,38205764.0,231030000.0,1086498.0,,,153.0,350.0,315.0,,313606260.0,288.6395188946505,348.04,0.0003203319288208538,,,,109261565.32582462,5.0,18.9,,4.3,3.957669503303274e-06,,6.8,7.14,9.78,,90.4,,,,,,,10.2,150.0,,,1000.0,,4.0,16.0,,56.0,,,6.3,3.0,1.0,5.4,4.0,2.0,4.8,,,,4.0,4.7,1.32,,,,1000.0,,,,,,,,,,,,,,,,,,10.0,9.5,,35.0,,2061600.0,343901608.0,81.0,2061600.0,,,,343901.608,
FICOMMERCE_PROXIMITE_RA_2024.pdf,2026-01-13 11:39:37,Excellente,43,FICOMMERCE PROXIMITE,,Bureaux,,15 mai 1986,,,2856375.0,,,153.0,210.0,,,175.18,6.132948229836769e-05,209.27,7.326418975099558e-05,,,,286633794.0125197,5.07,,,2.43,8.507286333202049e-07,,,,6.86,,96.22,,,,,,,9.5,148.0,,,2828.0,,15.8,6.86,,0.1,98.0,,,9.3,1.0,25.8,46.0,51.8,10.0,,,,,,,,763980.0,,,,,,,,,,3611905.18,,0.32,,,10.65,,37512631.68,,,10.0,9.3,,21.0,,,2532.0,,292.0,,408.0,,0.8953323903818954,
EDMOND_DE_ROTHSCHILD_EUROPA_RA_2024.pdf,2026-01-13 11:39:38,Excellente,31,EDMOND DE ROTHSCHILD EUROPA,EDMOND DE ROTHSCHILD REIM,Logistique/Activités,,,900000.0,,96973.0,,,,,180.0,,169.6,0.001748940426716715,210.81,0.002173904076392398,,141.28,,,8.0,,,,,,,,,,,,,,,,,,3.0,,,5937.0,,,,39.0,69.0,,,,10.5,1.0,,,,,,6.0,5.7,,,,,,18187420.0,,,,,,,,,,,44195.0,558695.0,,50107.0,,,,,10.0,10.5,,,,,558695.0,,558695.0,,,,94.10392454101398,
ATOUT PIERRE DIVERSIFICATION Rapport annuel 2024.pdf,2026-01-13 11:39:39,Excellente,53,ATOUT PIERRE DIVERSIFICATION,AEW Patrimoine,Bureaux,,18 novembre 1987,152449.02,,1042362.0,,,460.0,817.0,,,652.16,0.0006256559621321575,758.78,0.0007279428835663618,,,,112233980.23405994,4.49,36.7,,0.46,4.41305419806171e-07,,,,,,87.74,,,,,,,9.27,3.0,,,460000.0,,49.0,52.0,36.0,5.5,38.0,15.0,5.0,,1.0,4.25,9.27,5.4,10.0,,2024.0,,3.0,25.7,1.8,1249220.4,12763174.0,,472.0,,,,50.0,,,,,43490110.0,,,,9.0,34.58,,36.7,,7.75,7.7,,63.3175,,,7080000.0,,608000.0,,,,15.391304347826088,
France SCPI - rivoli-avenir-patrimoine-rapport-annuel-2024.pdf,2026-01-13 11:39:39,Excellente,60,rivoli avenir patrimoine,Amundi,Bureaux,,2024,,,633164.0,3.4126354273670137e+24,3217000000.0,150.0,250.0,230.02,,2485867374.05,3926.1034645842155,230.95,0.00036475541881724166,2913382527.78,,,68538977.72245075,3.89,10.42,,2.29,3.616756480153641e-06,,3.39,,,4.95,88.85,,,,,,,7.3,5.0,,,604298.0,4821.10238289718,79.3,13.7,3.0,88.85,40.0,27.0,3.3,40.0,1.0,45.3,23.6,10.8,20.3,,9.0,,,12.6,15000.0,135600.0,243.0,,1.2884453129318481e+23,1264268338752.0,,,,,,,,8208098.0,8208098.0,,,9.03,8.86,161963199.68,,10.25,10.0,5.25,1.25,25.0,168892500.0,,,,,,,,,
ELYSEES_GRAND_LARGE_RA_2024.pdf,2026-01-13 11:39:40,Excellente,25,ELYSEES GRAND LARGE,HSBC REIM,Bureaux,,22 juillet 2024,12000000.0,,31.0,16.0,,150.0,250.0,,,10189512.88,328693.9638709678,11321680.98,365215.515483871,,,,-99.93154726746239,,,,,,,,,,,,,,,,,,,,,,,,10.0,,26.0,26.0,,,70.0,,,,,,,100.0,,,,,,,,,,,,,,,,,,,,0.0,,0.9,0.9,,,,10.0,,,25.0,,,0.0,,,,,,,
COMETE_RA_2024.pdf,2026-01-13 11:39:40,Excellente,41,COMETE,Alderan,Bureaux,23-13,,165000000.0,165000000.0,31.0,,120800000.0,150.0,225.0,126.94,,4258.45,137.36935483870968,127113879.0,4100447.709677419,,,,-99.99451279431099,10.62,,,0.0,,,6.5,,,,90.7,,,,,,,9.1,9.0,,,59277.0,,24.0,24.0,24.0,24.0,24.0,,24.0,24.0,,9.1,,9.1,10.0,,3.0,,779.0,,,,,,,,5 mois,,,,,,,,,,,,,,,,5.0,11.0,,11.25,13288000.0,,,,,,,,,
ALTIXIA_COMMERCES_RA_2024.pdf,2026-01-13 11:39:41,Excellente,46,ALTIXIA COMMERCES,Altixia REIM,Bureaux,19-03,13 décembre 2018,79537500.0,,530250.0,1007.0,,,203.0,,,186.73,0.00035215464403583213,99014752.69,186.73220686468648,101945087.64,,,8.711830384515194,5.12,,,,,,,,,,,,,,,90.77,,9.2,22.0,,,129.0,790271.9972093024,10.0,10.0,10.0,10.0,28.0,10.0,10.0,35.0,1.0,62.0,71.0,,40.0,71.0,,105.7,,,175762.0,175762.0,,,,,,60.0,351334.59,,,,,,,,,,,5524178.68,,,2.5,15.0,,5.075,,,,,42349.68,,,,,
EUROVALYS_RA_2024.pdf,2026-01-13 11:39:41,Excellente,33,EUROVALYS,Advenis REIM,Bureaux,18-24,2019,2000000000.0,,31.0,31.0,,800.0,850.56,850.56,,,,,,,,,,5.0,47.98,,,,,,,,,90.24,,,,,,,,,,,12500.0,,3.0,3.0,3.76,3.0,5.0,,,,1.0,,,,,,,,7.0,,19377131.96,,34559040.0,4543628.0,,,,,,,,,,,539.0,,,,,,,,11.4,12.0,,96.96383999999999,,,6000000.0,,,,,,480.0,
ALTIXIA_CADENCE_XII_RA_2024.pdf,2026-01-13 11:39:41,Excellente,51,ALTIXIA CADENCE XII,Altixia REIM,Bureaux,19-03,13 décembre 2018,140086350.0,,933909.0,2359.0,,,200.0,,,165.79,0.00017752264942301658,154834833.45,165.79220614642324,170632837.66,171.78,145.12,20.632932421060467,5.73,,,0.71,7.602453772262607e-07,,,,,,90.0,,,,,90.0,142.0,1.63,32.0,,,230.0,741881.9028695652,40.0,100.0,85.0,4.0,,,17.0,,1.0,59.0,71.0,,100.0,71.0,17.0,50.0,,,179127.06,179127.06,,,,,,60.0,351334.59,,,,,,1.34,,,,,9373407.36,15.85,,9.0,10.0,,18.0,,,,,,,,,,
EDEN_RA_2024.pdf,2026-01-13 11:39:42,Bonne,24,Eden,Advenis REIM,Bureaux,24-28,,100000000.0,,31.0,31.0,,40.0,50.0,,,,,,,,,,,,,,,,,,,,,,,,,,,,,,,,2735.0,,59.0,59.0,59.0,59.0,,59.0,59.0,40.0,1.0,,,,,100.0,,,,,,,6675573.0,,,,,,,,1190519.0,,,,,,,,,,,,0.0,15.0,,,,,,,,,,,,
France SCPI - pierre-selection-rapport-annuel-2024.pdf,2026-01-13 11:39:42,Excellente,39,pierre selection,BNP Paribas REIM,Logistique/Activités,15-13,,,,14722.0,,,153.0,2020110930355.0,,,313.72,0.02130960467327809,385.51,0.02618598016573835,227.5,,,7714475141160002.0,5.52,14.0,,13.24,0.0008993343295747861,6.91,,,,4.24,,,,,,,,,52.0,,,,,4.0,23.0,105.0,27.0,93.8,,,9.5,,36.0,4.0,33.0,,,,,,,0.0,,,,3600.0,,,25.0,,,,,,,,,,11.9,,,,,10.0,9.5,,202011093035.5,,,4.5,,,,,,,1.9780219780219779
EFIMMO_1_RA_2024.pdf,2026-01-13 11:39:42,Excellente,55,EFIMMO 1,Sofidy,Bureaux,20-23,1987,762245.09,,82787108278710.0,2142421161.0,,,212.0,,,1402018330.0,1.69352252923243e-05,1676162399.0,2.024665958082572e-05,,,,1047086206.5271827,5.07,,1.21,1.17,1.4132635193164292e-14,,,,,,,,,,,,,10.2,26.0,,,65633.0,,2.7,0.9,75.3,75.3,80.0,,75.3,,1.0,24.7,75.0,24.7,24.7,,810.0,,307.0,5.1,12.0,8.96,14.8,1.5,3981.0,,12 mois,,,15361001.0,48228158.0,,,,10531072.0,1348167.0,,,,85123665.7,14.5,,10.0,2.02,,21.200000000000003,,,932536.0,,18.0,,,,14.208340316609023,
9328-RIVOLI AVENIR PATRIMOINE-RA-2024-AN-2.pdf,2026-01-13 11:39:43,Excellente,60,RIVOLI AVENIR PATRIMOINE,Amundi,Bureaux,,2024,,,633164.0,3.4126354273670137e+24,3217000000.0,150.0,250.0,230.02,,2485867374.05,3926.1034645842155,230.95,0.00036475541881724166,2913382527.78,,,68538977.72245075,3.89,10.42,,2.29,3.616756480153641e-06,,3.39,,,4.95,88.85,,,,,,,7.3,5.0,,,604298.0,4821.10238289718,79.3,13.7,3.0,88.85,40.0,27.0,3.3,40.0,1.0,45.3,23.6,10.8,20.3,,9.0,,,12.6,15000.0,135600.0,243.0,,1.2884453129318481e+23,1264268338752.0,,,,,,,,8208098.0,8208098.0,,,9.03,8.86,161963199.68,,10.25,10.0,5.25,1.25,25.0,168892500.0,,,,,,,,,
ALLIANZ_PIERRE_RA_2024.pdf,2026-01-13 11:39:44,Excellente,41,ALLIANZ PIERRE,,Bureaux,,,312065991.0,,5098297.0,,,153.0,320.0,297.0,,,,,,1318856004.0,,,,4.01,,,1.95,3.824806597183334e-07,,4.0,,,,88.8,,,,,,,88.8,3.0,,,,,36.05,36.05,,3.4,,,,,1.0,4.01,16.36,88.8,,,79.0,30.33,9.0,,11.2,11317221.96,,,16.0,,,,,,2123428.09,,,,3804334.82,20041388.46,,53719910.66,,,,,10.0,10.0,,32.0,,2119300.0,796137.58,,3087112.37,,,,,0.0603657698479113
CRISTAL_RENTE_RA_2024.pdf,2026-01-13 11:39:45,Excellente,50,CRISTAL RENTE,Inter Gestion REIM,Bureaux,24-02,,765000.0,,31.0,,,180.0,47237839.0,,,589058227.0,19001878.29032258,557342280.0,17978783.225806452,,,,162.74213558677084,4.84,,,0.16,0.005161290322580645,,,,,,,,,,,,,2.0,157.0,,,415245.0,,11.0,2.0,41.0,26.83,41.0,11.0,,30.0,,,2.56,8.91,79.0,,,2.17,,,40445.0,40445.0,47237839.0,42069396.0,,,,,99135623.0,99745700.0,14000.0,99121623.0,,,0.3,5.37,,202431982678.0,,,,,12.0,13.2,,5668540.68,,2921677.0,19000.0,,2921677.0,,,,0.04575611988103409,
ELIALYS_RA_2024.pdf,2026-01-13 11:39:46,Excellente,42,ELIALYS,Advenis REIM,Bureaux,19-08,2019,500000000.0,,96769.0,31.0,,800.0,800.0,886.0,,890.78,0.009205220680176502,1081.66,0.011177753206088728,,,,7156973.387201154,5.71,,,,,,,,,,97.27,96.81,,,,,,,11.0,,,51239.0,,16.0,0.0,72.84,0.0,6.01,,14.0,,1.0,12.0,,14.0,20.0,,,,,,,,20287000.0,16.45,,,,,,,7444405.97,,,5847603.0,5847603.0,,,,,,,,11.4,12.0,,91.2,,,323194.0,,,323194.0,,,6.307578211908898,
ACCIMMO_PIERRE_RA_2024.pdf,2026-01-13 11:39:46,Excellente,48,ACCIMMO PIERRE,BNP Paribas REIM,Bureaux,09-01,,,,538590.0,25.0,,1.0,141.0,128.41,,2181376249.21,4050.1610672496704,140.48,0.0002608292021760523,,,,54058264.17995445,3.88,,,1.87,3.472028815982473e-06,4.39,,,,5.87,,,,,,,,10.2,57.0,,,,,68.8,16.4,5.1,5.1,3.6,,6.1,3.6,1.0,18.4,4.0,48.8,,,,2779.0,2019.0,149.6,6.6,,,,283.0,,,30.0,,,0.6,,,,,2.3,7.2,136.0,,,,,8.93,,,12.591299999999999,,,217.0,,8.53,,,,,
BUROBOUTIC_METROPOLE_RA_2024.pdf,2026-01-13 11:39:47,Excellente,44,BUROBOUTIC METROPOLE,,Bureaux,,,2466750.0,,1384877.0,,,150.0,230.0,,,198.36,0.00014323293693230518,235.76,0.00017023894540814816,,,,135104120.39362064,5.07,,,2.15,1.5524844444669092e-06,,,,8.03,,96.38,,,,,,,9.5,85.0,,,11562.0,,32.2,7.5,,17.0,98.0,,,9.0,1.0,14.8,46.0,53.3,10.0,,,,,,,,593630.0,,,593630.0,12 mois,,,,,,20743938.0,,0.6,443.0,,12.24,12.24,19192617.49,,,,9.0,,,,,,170.0,678.0,135.0,,,,
ALTA_CONVICTIONS_RA_2024.pdf,2026-01-13 11:39:47,Excellente,38,ALTA CONVICTIONS,Altarea,Bureaux,23-04,,,,205422.0,31.0,63000000.0,,305.0,,,284.65,0.0013856841039421289,331.71,0.0016147734906679907,,228.28,204.92,18887998.037442345,,,,,,,,,,,,,,,,,,9.0,4.0,,,13965.0,,32.0,16.0,34.0,34.0,,,18.0,,1.0,4.0,,0.0,0.0,,,25.5,3.0,,,,,38688955.0,,,3 mois,,,,,,,,,,,,,2168968.79,,,8.45,11.45,,25.772499999999997,7213499.999999999,,200.0,,,,,,0.014321518080916577,
ACTIVIMMO_RA_2024.pdf,2026-01-13 11:39:48,Excellente,35,ACTIVIMMO,Alderan,Bureaux,19-14,,,,31.0,,172600000.0,,545.34,494.0,,609.65,19.666129032258063,609.65,19.666129032258063,,,,2672.991060444518,5.5,,,0.52,0.016774193548387096,,5.0,,,,,,,,,,,5.4,183.0,,,228435.0,,,58.0,30.0,30.0,,,,,1.0,14.0,,10.0,,,2024.0,,54.0,,,512868.0,,,,,,,,,,,,,,,,,,,,,10.6,10.0,,57.80604,17260000.0,,,,,,,,,
ALLIANZ_HOME_RA_2024.pdf,2026-01-13 11:39:48,Excellente,35,ALLIANZ HOME,,Bureaux,25-01,,29118240.0,,181989.0,,,160.0,200.0,180.8,,,,,,24525000.0,,,,,,,,,,,,,,,,,,,,,,,,,5062.0,4844.922955353615,3.69,3.69,3.69,37.1,3.69,3.69,29.0,3.69,,3.69,,37.1,,,2024.0,,,,,,,,,,,,,,373526.56,,,,373715.17,535841.31,373715.17,,,,,,8.0,8.0,,16.0,,,5960.71,,955248.12,,,,1.177540497826946,0.024304627930682977
ACCES_VALEUR_PIERRE_RA_2024.pdf,2026-01-13 11:39:48,Excellente,45,ACCES VALEUR PIERRE,BNP Paribas REIM,Bureaux,22-14,,,,31.0,22.0,,229.0,2024765.0,696.69,,1588462664.26,51240731.10516129,1935441809.36,62433606.75354838,,,,-96.75693091383845,3.53,,,10.93,0.35258064516129034,5.29,,,,0.71,89.4,,,,,,,10.2,60.0,,,,,92.4,7.6,105.0,27.0,,,,1.0,1.0,73.6,4.0,21.3,,,,1217.0,,10.0,4.0,,,,400.0,,,65.0,,71.0,,,,,,,,52.6,,,,,8.93,9.0,,180811.5145,,,45.0,,0.2,,,,,
