scpi_source,nom_sci,type_structure,affectation,date_acquisition,date_constitution,quote_part_detention,nombre_immeubles,surface_m2,valeur_venale_hd,droits,prix_acquisition,travaux,valeur_nette_comptable,valeur_estimee,ecart_acquisition,immeubles,dettes
lf croissance et territoires,FRESH INVEST REAL ESTATE,OPPCI,,,,,,,,,,,,,,,
lf croissance et territoires,LF HYDE PARK,SCI,,,,,,,,,,,,,,,
CRISTAL LIFE,ONE,SCI,,,,,,,,,,,,,,,
ATOUT PIERRE DIVERSIFICATION,PLACEMENT CILOGER,SCI,,,,,,,,,,,,,,,
ATOUT PIERRE DIVERSIFICATION,"PLACEMENT 
CILOGER",SCI,,,,,,,,,,,,,,,
ATOUT PIERRE DIVERSIFICATION,"BOULOGNE 
CLARITY
SCI",SCI,,,,,,,,,,,,,,,
ATOUT PIERRE DIVERSIFICATION,"BOULOGNE  
CLARITY
SCI",SCI,,,,,,,3778000.0,,,,,,,,
ATOUT PIERRE DIVERSIFICATION,"PLACEMENT  
CILOGER",SCI,,,,,,,0.0,,,,,,,,
ATOUT PIERRE DIVERSIFICATION,"TOUR  
PRISMA
SCI 
PLACEMENT  
CILOGER",SCI,,,,,,,,,,,,,,,
rivoli avenir patrimoine,"PATRIMONIA - DESSOUS DES 
BERGES",SCI,,,,,,,,,,,,,,,
rivoli avenir patrimoine,SAINT HONORE BOETIE,SCI,,,,,,,,,,,,,,,
rivoli avenir patrimoine,AJP94,SCI,,,,,,,,,,,,,,,
rivoli avenir patrimoine,MPA,SCI,,,,,,,,,,,,,,,
rivoli avenir patrimoine,OMEGA,SCI,,,,,,,,,,,,,,,
rivoli avenir patrimoine,DE MONARCH,SCI,,,,,,,,,,,,,,,
rivoli avenir patrimoine,SEO,SCI,,,,,,,,,,,,,,,
rivoli avenir patrimoine,EDRIM OPERA,SCI,,,,,,,,,,,,,,,
rivoli avenir patrimoine,GREENELLE,SCI,,,,,,,,,,,,,,,
rivoli avenir patrimoine,AMR,SCI,,,,,,,,,,,,,,,
rivoli avenir patrimoine,STRESEMANN,SCI,,,,,,,,,,,,,,,
rivoli avenir patrimoine,HOLD,SCI,,,,,,,,,,,,,,,
rivoli avenir patrimoine,HEKLA,SCI,,,,,,,,,,,,,,,
rivoli avenir patrimoine,GEORG,SCI,,,,,,,,,,,,,,,
rivoli avenir patrimoine,BUDLON,SCI,,,,,,,,,,,,,,,
rivoli avenir patrimoine,PARC AVENUE,SCI,,,,,,,,,,,,,,,
rivoli avenir patrimoine,MUNICH,SCI,,,,,,,,,,,,,,,
rivoli avenir patrimoine,EVI-DANCE,SCI,,,,,,,,,,,,,,,
rivoli avenir patrimoine,UBERSEERING,SCI,,,,,,,,,,,,,,,
rivoli avenir patrimoine,ERGAMUNDI,OPPCI,,,,,,,,,,,,,,,
rivoli avenir patrimoine,DEUTSCHLAND,SCI,,,,,,,,,,,,,,,
rivoli avenir patrimoine,TITAN,SCI,,,,,,,,,,,,,,,
rivoli avenir patrimoine,AGC,SCI,,,,,,,,,,,,,,,
rivoli avenir patrimoine,TRUDAINE,SCI,,,,,,,,,,,,,,,
rivoli avenir patrimoine,AIRS,SCI,,,,,,,,,,,,,,,
rivoli avenir patrimoine,POSTBOCK,SCI,,,,,,,,,,,,,,,
rivoli avenir patrimoine,AVILA,SCI,,,,,,,,,,,,,,,
rivoli avenir patrimoine,LCPD,SCI,,,,,,,,,,,,,,,
rivoli avenir patrimoine,ACADEMIE MONTROUGE,SCI,,,,,,,,,,,,,,,
rivoli avenir patrimoine,WESTBRIDGE,SCI,,,,,,,,,,,,,,,
rivoli avenir patrimoine,LYON,SCI,,,,,,,,,,,,,,,
rivoli avenir patrimoine,NOWO,SCI,,,,,,,,,,,,,,,
rivoli avenir patrimoine,LAHRANIS,SCI,,,,,,,,,,,,,,,
rivoli avenir patrimoine,GANTRAM,SCI,,,,,,,,,,,,,,,
rivoli avenir patrimoine,LCPD5,SCI,,,,,,,,,,,,,,,
rivoli avenir patrimoine,PATRIMONIA - DESSOUS DES BERGES,SCI,,,,,,,,,,,,,,,
rivoli avenir patrimoine,EKINOX,SCI,,,,,,,,,,,,,,,
rivoli avenir patrimoine,DEUTSCHLAND2018,SCI,,,,,,,,,,,,,,,
rivoli avenir patrimoine,AREELI,SCI,,,,,,,,,,,,,,,
rivoli avenir patrimoine,PATIO COEUR BOULOGNE,SCI,,,,,,,,,,,,,,,
rivoli avenir patrimoine,"EDRIM
 - 
 -",SCI,,,,,,,,,,,,,,,
rivoli avenir patrimoine,BATIGNOLLES LOT,SCI,,,,,,,,,,,,,,,
rivoli avenir patrimoine,EDRIM,SCI,,,,,,,,,,,,,,,
rivoli avenir patrimoine,"PARC AVENUE
SCI BUDLON",SCI,,,,,,,,,,,,,,,
rivoli avenir patrimoine,TOUR HEKLA,SCI,,,,,,,,,,,,,,,
rivoli avenir patrimoine,ANTONY,SCI,,,,,,,,,,,,,,,
rivoli avenir patrimoine,CERGY,SCI,,,,,,,,,,,,,,,
rivoli avenir patrimoine,EVRY,SCI,,,,,,,,,,,,,,,
rivoli avenir patrimoine,VILLEBON,SCI,,,,,,,,,,,,,,,
ALTIXIA COMMERCES,RUEIL COMMERCES,SCI,,,,,,,20245000000.0,,,,,,,,
EUROVALYS,ENI,SCI,,,,,,,,,,,,,,,
ALTIXIA CADENCE XII,RUEIL COMMERCES,SCI,,,,,,,20245000000.0,,,,,,,,
EFIMMO 1,SYREF,SCI,,,,,,,,,,,,,,,
EFIMMO 1,SOREF,OPPCI,,,,,,,,,,,,,,,
RIVOLI AVENIR PATRIMOINE,"PATRIMONIA - DESSOUS DES 
BERGES",SCI,,,,,,,,,,,,,,,
RIVOLI AVENIR PATRIMOINE,SAINT HONORE BOETIE,SCI,,,,,,,,,,,,,,,
RIVOLI AVENIR PATRIMOINE,AJP94,SCI,,,,,,,,,,,,,,,
RIVOLI AVENIR PATRIMOINE,MPA,SCI,,,,,,,,,,,,,,,
RIVOLI AVENIR PATRIMOINE,OMEGA,SCI,,,,,,,,,,,,,,,
RIVOLI AVENIR PATRIMOINE,DE MONARCH,SCI,,,,,,,,,,,,,,,
RIVOLI AVENIR PATRIMOINE,SEO,SCI,,,,,,,,,,,,,,,
RIVOLI AVENIR PATRIMOINE,EDRIM OPERA,SCI,,,,,,,,,,,,,,,
RIVOLI AVENIR PATRIMOINE,GREENELLE,SCI,,,,,,,,,,,,,,,
RIVOLI AVENIR PATRIMOINE,AMR,SCI,,,,,,,,,,,,,,,
RIVOLI AVENIR PATRIMOINE,STRESEMANN,SCI,,,,,,,,,,,,,,,
RIVOLI AVENIR PATRIMOINE,HOLD,SCI,,,,,,,,,,,,,,,
RIVOLI AVENIR PATRIMOINE,HEKLA,SCI,,,,,,,,,,,,,,,
RIVOLI AVENIR PATRIMOINE,GEORG,SCI,,,,,,,,,,,,,,,
RIVOLI AVENIR PATRIMOINE,BUDLON,SCI,,,,,,,,,,,,,,,
RIVOLI AVENIR PATRIMOINE,PARC AVENUE,SCI,,,,,,,,,,,,,,,
RIVOLI AVENIR PATRIMOINE,MUNICH,SCI,,,,,,,,,,,,,,,
RIVOLI AVENIR PATRIMOINE,EVI-DANCE,SCI,,,,,,,,,,,,,,,
RIVOLI AVENIR PATRIMOINE,UBERSEERING,SCI,,,,,,,,,,,,,,,
RIVOLI AVENIR PATRIMOINE,ERGAMUNDI,OPPCI,,,,,,,,,,,,,,,
RIVOLI AVENIR PATRIMOINE,DEUTSCHLAND,SCI,,,,,,,,,,,,,,,
RIVOLI AVENIR PATRIMOINE,TITAN,SCI,,,,,,,,,,,,,,,
RIVOLI AVENIR PATRIMOINE,AGC,SCI,,,,,,,,,,,,,,,
RIVOLI AVENIR PATRIMOINE,TRUDAINE,SCI,,,,,,,,,,,,,,,
RIVOLI AVENIR PATRIMOINE,AIRS,SCI,,,,,,,,,,,,,,,
RIVOLI AVENIR PATRIMOINE,POSTBOCK,SCI,,,,,,,,,,,,,,,
RIVOLI AVENIR PATRIMOINE,AVILA,SCI,,,,,,,,,,,,,,,
RIVOLI AVENIR PATRIMOINE,LCPD,SCI,,,,,,,,,,,,,,,
RIVOLI AVENIR PATRIMOINE,ACADEMIE MONTROUGE,SCI,,,,,,,,,,,,,,,
RIVOLI AVENIR PATRIMOINE,WESTBRIDGE,SCI,,,,,,,,,,,,,,,
RIVOLI AVENIR PATRIMOINE,LYON,SCI,,,,,,,,,,,,,,,
RIVOLI AVENIR PATRIMOINE,NOWO,SCI,,,,,,,,,,,,,,,
RIVOLI AVENIR PATRIMOINE,LAHRANIS,SCI,,,,,,,,,,,,,,,
RIVOLI AVENIR PATRIMOINE,GANTRAM,SCI,,,,,,,,,,,,,,,
RIVOLI AVENIR PATRIMOINE,LCPD5,SCI,,,,,,,,,,,,,,,
RIVOLI AVENIR PATRIMOINE,PATRIMONIA - DESSOUS DES BERGES,SCI,,,,,,,,,,,,,,,
RIVOLI AVENIR PATRIMOINE,EKINOX,SCI,,,,,,,,,,,,,,,
RIVOLI AVENIR PATRIMOINE,DEUTSCHLAND2018,SCI,,,,,,,,,,,,,,,
RIVOLI AVENIR PATRIMOINE,AREELI,SCI,,,,,,,,,,,,,,,
RIVOLI AVENIR PATRIMOINE,PATIO COEUR BOULOGNE,SCI,,,,,,,,,,,,,,,
RIVOLI AVENIR PATRIMOINE,"EDRIM
 - 
 -",SCI,,,,,,,,,,,,,,,
RIVOLI AVENIR PATRIMOINE,BATIGNOLLES LOT,SCI,,,,,,,,,,,,,,,
RIVOLI AVENIR PATRIMOINE,EDRIM,SCI,,,,,,,,,,,,,,,
RIVOLI AVENIR PATRIMOINE,"PARC AVENUE
SCI BUDLON",SCI,,,,,,,,,,,,,,,
RIVOLI AVENIR PATRIMOINE,TOUR HEKLA,SCI,,,,,,,,,,,,,,,
RIVOLI AVENIR PATRIMOINE,ANTONY,SCI,,,,,,,,,,,,,,,
RIVOLI AVENIR PATRIMOINE,CERGY,SCI,,,,,,,,,,,,,,,
RIVOLI AVENIR PATRIMOINE,EVRY,SCI,,,,,,,,,,,,,,,
RIVOLI AVENIR PATRIMOINE,VILLEBON,SCI,,,,,,,,,,,,,,,
ELIALYS,SIM,SCI,,,,,,242809.0,3850000.0,,,,,,,,
ELIALYS,ELIALYS SIM,SCI,,,,,4.0,,,,,,,,,,
ACCIMMO PIERRE,LYON BUSINESS PARK,SCI,,,,,,,,,,,,,,,
ACCIMMO PIERRE,FONTENAY,SCI,,,,,,,,,,,,,,,
ACCIMMO PIERRE,LE CARAT,SCI,,,,,,,,,,,,,,,
ACCIMMO PIERRE,AP NEON,SCI,,,,,,,,,,,,,,,
ACCIMMO PIERRE,AP OKABE,SCI,,,,,,,,,,,,,,,
ACCIMMO PIERRE,AP PERSPECTIVES,SCI,,,,,,,,,,,,,,,
ACCIMMO PIERRE,"AUSTERLITZ
-
-",SCI,,,,,,,,,,,,,,,
ACCIMMO PIERRE,AUSTERLITZ,SCI,,,,,,,,,,,,,,,
ALTA CONVICTIONS,"ARCALOZ
SCI AIM SPAIN
TOTAL",SCI,,,,,,,,,,,,,,,
ALTA CONVICTIONS,ARCALOZ,SCI,,,,,,,,,,,,,,,
ALTA CONVICTIONS,AIM SPAIN,SCI,,,,,,,,,,,,,,,
