scpi_source,categorie,test_id,description,valeur_testee,valeur_reference,ecart_pct,statut,commentaire,severite
lf croissance et territoires,CAPEX,CAP-002,CAPEX par m² (benchmark 30-250 €/m²),0.00 €/m²,30.0-250.0 €/m²,,ALERTE,CAPEX faible - risque de sous-investissement,Warning
lf croissance et territoires,CAPEX,CAP-003,Taux d'actifs avec CAPEX,0.0%,Information,,INFO,,Info
lf croissance et territoires,REPARTITION,REP-001,Somme répartition géographique = 100%,116.2%,100%,16.200000000000003,ALERTE,,Warning
lf croissance et territoires,REPARTITION,REP-002,Somme répartition typologique = 100%,81.2%,100%,18.84999999999998,ALERTE,,Warning
lf croissance et territoires,PATRIMOINE,PAT-001,Cohérence nb actifs déclaré vs détail,2,72 (détail),3500.0,ALERTE,,Warning
ELYSEES PIERRE,CAPEX,CAP-002,CAPEX par m² (benchmark 30-250 €/m²),0.00 €/m²,30.0-250.0 €/m²,,ALERTE,CAPEX faible - risque de sous-investissement,Warning
ELYSEES PIERRE,OCCUPATION,OCC-001,TOF dans plage acceptable,87.75%,≥ 80%,,OK,,Info
ELYSEES PIERRE,REPARTITION,REP-001,Somme répartition géographique = 100%,118.0%,100%,18.0,ALERTE,,Warning
ELYSEES PIERRE,REPARTITION,REP-002,Somme répartition typologique = 100%,188.0%,100%,88.0,ALERTE,,Warning
CRISTAL LIFE,CAPEX,CAP-002,CAPEX par m² (benchmark 30-250 €/m²),1804.48 €/m²,30.0-250.0 €/m²,,ALERTE,CAPEX élevé - travaux majeurs en cours,Warning
CRISTAL LIFE,CAPEX,CAP-003,Taux d'actifs avec CAPEX,0.0%,Information,,INFO,,Info
CRISTAL LIFE,VALORISATION,VAL-001,Écart prix souscription vs valeur reconstitution,"89,084,413.00 €","5,648,405.68 €",1477.160318992897,ALERTE,,Warning
CRISTAL LIFE,REPARTITION,REP-001,Somme répartition géographique = 100%,46.1%,100%,53.879999999999995,ALERTE,,Warning
CRISTAL LIFE,REPARTITION,REP-002,Somme répartition typologique = 100%,92.7%,100%,7.259999999999991,ALERTE,,Warning
CRISTAL LIFE,PATRIMOINE,PAT-001,Cohérence nb actifs déclaré vs détail,31,2 (détail),93.54838709677419,ALERTE,,Warning
CAPIFORCE,CAPEX,CAP-002,CAPEX par m² (benchmark 30-250 €/m²),0.02 €/m²,30.0-250.0 €/m²,,ALERTE,CAPEX faible - risque de sous-investissement,Warning
CAPIFORCE,CAPEX,CAP-003,Taux d'actifs avec CAPEX,0.0%,Information,,INFO,,Info
CAPIFORCE,OCCUPATION,OCC-001,TOF dans plage acceptable,97.38%,≥ 80%,,OK,,Info
CAPIFORCE,ENDETTEMENT,END-001,LTV vs seuil réglementaire (50%),8.16%,< 50.0%,,OK,,Info
CAPIFORCE,REPARTITION,REP-001,Somme répartition géographique = 100%,110.0%,100%,10.0,ALERTE,,Warning
CAPIFORCE,REPARTITION,REP-002,Somme répartition typologique = 100%,44.1%,100%,55.9,ALERTE,,Warning
CAPIFORCE,PATRIMOINE,PAT-001,Cohérence nb actifs déclaré vs détail,90,89 (détail),1.1111111111111112,OK,,Info
aestiam placement pierre,CAPEX,CAP-002,CAPEX par m² (benchmark 30-250 €/m²),343901.61 €/m²,30.0-250.0 €/m²,,ALERTE,CAPEX élevé - travaux majeurs en cours,Warning
aestiam placement pierre,CAPEX,CAP-003,Taux d'actifs avec CAPEX,0.0%,Information,,INFO,,Info
aestiam placement pierre,VALORISATION,VAL-001,Écart prix souscription vs valeur reconstitution,350.00 €,0.00 €,109261565.32582462,ALERTE,,Warning
aestiam placement pierre,OCCUPATION,OCC-001,TOF dans plage acceptable,90.40%,≥ 80%,,OK,,Info
aestiam placement pierre,REPARTITION,REP-001,Somme répartition géographique = 100%,16.2%,100%,83.8,ALERTE,,Warning
aestiam placement pierre,REPARTITION,REP-002,Somme répartition typologique = 100%,86.3%,100%,13.700000000000003,ALERTE,,Warning
aestiam placement pierre,PATRIMOINE,PAT-001,Cohérence nb actifs déclaré vs détail,150,115 (détail),23.333333333333332,ALERTE,,Warning
FICOMMERCE PROXIMITE,CAPEX,CAP-002,CAPEX par m² (benchmark 30-250 €/m²),0.90 €/m²,30.0-250.0 €/m²,,ALERTE,CAPEX faible - risque de sous-investissement,Warning
FICOMMERCE PROXIMITE,CAPEX,CAP-003,Taux d'actifs avec CAPEX,0.0%,Information,,INFO,,Info
FICOMMERCE PROXIMITE,VALORISATION,VAL-001,Écart prix souscription vs valeur reconstitution,210.00 €,0.00 €,286633794.0125197,ALERTE,,Warning
FICOMMERCE PROXIMITE,OCCUPATION,OCC-001,TOF dans plage acceptable,96.22%,≥ 80%,,OK,,Info
FICOMMERCE PROXIMITE,REPARTITION,REP-001,Somme répartition géographique = 100%,133.6%,100%,33.599999999999994,ALERTE,,Warning
FICOMMERCE PROXIMITE,REPARTITION,REP-002,Somme répartition typologique = 100%,131.1%,100%,31.060000000000002,ALERTE,,Warning
FICOMMERCE PROXIMITE,PATRIMOINE,PAT-001,Cohérence nb actifs déclaré vs détail,148,210 (détail),41.891891891891895,ALERTE,,Warning
EDMOND DE ROTHSCHILD EUROPA,CAPEX,CAP-002,CAPEX par m² (benchmark 30-250 €/m²),94.10 €/m²,30.0-250.0 €/m²,,OK,,Info
EDMOND DE ROTHSCHILD EUROPA,REPARTITION,REP-002,Somme répartition typologique = 100%,119.5%,100%,19.5,ALERTE,,Warning
ATOUT PIERRE DIVERSIFICATION,CAPEX,CAP-002,CAPEX par m² (benchmark 30-250 €/m²),15.39 €/m²,30.0-250.0 €/m²,,ALERTE,CAPEX faible - risque de sous-investissement,Warning
ATOUT PIERRE DIVERSIFICATION,VALORISATION,VAL-001,Écart prix souscription vs valeur reconstitution,817.00 €,0.00 €,112233980.23405994,ALERTE,,Warning
ATOUT PIERRE DIVERSIFICATION,OCCUPATION,OCC-001,TOF dans plage acceptable,87.74%,≥ 80%,,OK,,Info
ATOUT PIERRE DIVERSIFICATION,REPARTITION,REP-001,Somme répartition géographique = 100%,28.9%,100%,71.08,ALERTE,,Warning
ATOUT PIERRE DIVERSIFICATION,REPARTITION,REP-002,Somme répartition typologique = 100%,201.5%,100%,101.5,ALERTE,,Warning
rivoli avenir patrimoine,CAPEX,CAP-001,Ratio CAPEX / Valeur Vénale,0.00%,< 20.0%,,OK,,Info
rivoli avenir patrimoine,CAPEX,CAP-003,Taux d'actifs avec CAPEX,0.0%,Information,,INFO,,Info
rivoli avenir patrimoine,VALORISATION,VAL-001,Écart prix souscription vs valeur reconstitution,250.00 €,0.00 €,68538977.72245075,ALERTE,,Warning
rivoli avenir patrimoine,OCCUPATION,OCC-001,TOF dans plage acceptable,88.85%,≥ 80%,,OK,,Info
rivoli avenir patrimoine,REPARTITION,REP-001,Somme répartition géographique = 100%,100.0%,100%,0.0,OK,,Info
rivoli avenir patrimoine,REPARTITION,REP-002,Somme répartition typologique = 100%,296.1%,100%,196.14999999999998,ALERTE,,Warning
rivoli avenir patrimoine,PATRIMOINE,PAT-001,Cohérence nb actifs déclaré vs détail,5,36 (détail),620.0,ALERTE,,Warning
ELYSEES GRAND LARGE,VALORISATION,VAL-001,Écart prix souscription vs valeur reconstitution,250.00 €,"365,215.52 €",-99.93154726746239,ALERTE,,Warning
ELYSEES GRAND LARGE,REPARTITION,REP-002,Somme répartition typologique = 100%,132.0%,100%,32.0,ALERTE,,Warning
COMETE,VALORISATION,VAL-001,Écart prix souscription vs valeur reconstitution,225.00 €,"4,100,447.71 €",-99.99451279431099,ALERTE,,Warning
COMETE,OCCUPATION,OCC-001,TOF dans plage acceptable,90.70%,≥ 80%,,OK,,Info
COMETE,REPARTITION,REP-001,Somme répartition géographique = 100%,28.2%,100%,71.8,ALERTE,,Warning
COMETE,REPARTITION,REP-002,Somme répartition typologique = 100%,168.0%,100%,68.0,ALERTE,,Warning
ALTIXIA COMMERCES,CAPEX,CAP-001,Ratio CAPEX / Valeur Vénale,0.00%,< 20.0%,,OK,,Info
ALTIXIA COMMERCES,CAPEX,CAP-003,Taux d'actifs avec CAPEX,0.0%,Information,,INFO,,Info
ALTIXIA COMMERCES,VALORISATION,VAL-001,Écart prix souscription vs valeur reconstitution,203.00 €,186.73 €,8.711830384515194,ALERTE,,Warning
ALTIXIA COMMERCES,ENDETTEMENT,END-001,LTV vs seuil réglementaire (50%),60.00%,< 50.0%,,ALERTE,LTV à la limite réglementaire,Warning
ALTIXIA COMMERCES,REPARTITION,REP-001,Somme répartition géographique = 100%,173.0%,100%,73.0,ALERTE,,Warning
ALTIXIA COMMERCES,REPARTITION,REP-002,Somme répartition typologique = 100%,124.0%,100%,24.0,ALERTE,,Warning
ALTIXIA COMMERCES,PATRIMOINE,PAT-001,Cohérence nb actifs déclaré vs détail,22,1 (détail),95.45454545454545,ALERTE,,Warning
EUROVALYS,CAPEX,CAP-002,CAPEX par m² (benchmark 30-250 €/m²),480.00 €/m²,30.0-250.0 €/m²,,ALERTE,CAPEX élevé - travaux majeurs en cours,Warning
EUROVALYS,CAPEX,CAP-003,Taux d'actifs avec CAPEX,0.0%,Information,,INFO,,Info
EUROVALYS,OCCUPATION,OCC-001,TOF dans plage acceptable,90.24%,≥ 80%,,OK,,Info
EUROVALYS,REPARTITION,REP-002,Somme répartition typologique = 100%,18.8%,100%,81.24000000000001,ALERTE,,Warning
ALTIXIA CADENCE XII,CAPEX,CAP-001,Ratio CAPEX / Valeur Vénale,0.00%,< 20.0%,,OK,,Info
ALTIXIA CADENCE XII,CAPEX,CAP-003,Taux d'actifs avec CAPEX,0.0%,Information,,INFO,,Info
ALTIXIA CADENCE XII,VALORISATION,VAL-001,Écart prix souscription vs valeur reconstitution,200.00 €,165.79 €,20.632932421060467,ALERTE,,Warning
ALTIXIA CADENCE XII,OCCUPATION,OCC-001,TOF dans plage acceptable,90.00%,≥ 80%,,OK,,Info
ALTIXIA CADENCE XII,ENDETTEMENT,END-001,LTV vs seuil réglementaire (50%),60.00%,< 50.0%,,ALERTE,LTV à la limite réglementaire,Warning
ALTIXIA CADENCE XII,REPARTITION,REP-001,Somme répartition géographique = 100%,230.0%,100%,130.0,ALERTE,,Warning
ALTIXIA CADENCE XII,REPARTITION,REP-002,Somme répartition typologique = 100%,247.0%,100%,147.0,ALERTE,,Warning
ALTIXIA CADENCE XII,PATRIMOINE,PAT-001,Cohérence nb actifs déclaré vs détail,32,1 (détail),96.875,ALERTE,,Warning
Eden,CAPEX,CAP-003,Taux d'actifs avec CAPEX,0.0%,Information,,INFO,,Info
Eden,REPARTITION,REP-002,Somme répartition typologique = 100%,395.0%,100%,295.0,ALERTE,,Warning
pierre selection,CAPEX,CAP-001,Ratio CAPEX / Valeur Vénale,1.98%,< 20.0%,,OK,,Info
pierre selection,CAPEX,CAP-003,Taux d'actifs avec CAPEX,0.0%,Information,,INFO,,Info
pierre selection,VALORISATION,VAL-001,Écart prix souscription vs valeur reconstitution,"2,020,110,930,355.00 €",0.03 €,7714475141160002.0,ALERTE,,Warning
pierre selection,ENDETTEMENT,END-001,LTV vs seuil réglementaire (50%),25.00%,< 50.0%,,OK,,Info
pierre selection,REPARTITION,REP-001,Somme répartition géographique = 100%,73.0%,100%,27.0,ALERTE,,Warning
pierre selection,REPARTITION,REP-002,Somme répartition typologique = 100%,262.3%,100%,162.3,ALERTE,,Warning
pierre selection,PATRIMOINE,PAT-001,Cohérence nb actifs déclaré vs détail,52,5 (détail),90.38461538461539,ALERTE,,Warning
EFIMMO 1,CAPEX,CAP-002,CAPEX par m² (benchmark 30-250 €/m²),14.21 €/m²,30.0-250.0 €/m²,,ALERTE,CAPEX faible - risque de sous-investissement,Warning
EFIMMO 1,VALORISATION,VAL-001,Écart prix souscription vs valeur reconstitution,212.00 €,0.00 €,1047086206.5271827,ALERTE,,Warning
EFIMMO 1,REPARTITION,REP-001,Somme répartition géographique = 100%,149.1%,100%,49.099999999999994,ALERTE,,Warning
EFIMMO 1,REPARTITION,REP-002,Somme répartition typologique = 100%,310.5%,100%,210.5,ALERTE,,Warning
RIVOLI AVENIR PATRIMOINE,CAPEX,CAP-001,Ratio CAPEX / Valeur Vénale,0.00%,< 20.0%,,OK,,Info
RIVOLI AVENIR PATRIMOINE,CAPEX,CAP-003,Taux d'actifs avec CAPEX,0.0%,Information,,INFO,,Info
RIVOLI AVENIR PATRIMOINE,VALORISATION,VAL-001,Écart prix souscription vs valeur reconstitution,250.00 €,0.00 €,68538977.72245075,ALERTE,,Warning
RIVOLI AVENIR PATRIMOINE,OCCUPATION,OCC-001,TOF dans plage acceptable,88.85%,≥ 80%,,OK,,Info
RIVOLI AVENIR PATRIMOINE,REPARTITION,REP-001,Somme répartition géographique = 100%,100.0%,100%,0.0,OK,,Info
RIVOLI AVENIR PATRIMOINE,REPARTITION,REP-002,Somme répartition typologique = 100%,296.1%,100%,196.14999999999998,ALERTE,,Warning
RIVOLI AVENIR PATRIMOINE,PATRIMOINE,PAT-001,Cohérence nb actifs déclaré vs détail,5,36 (détail),620.0,ALERTE,,Warning
ALLIANZ PIERRE,CAPEX,CAP-001,Ratio CAPEX / Valeur Vénale,0.06%,< 20.0%,,OK,,Info
ALLIANZ PIERRE,CAPEX,CAP-003,Taux d'actifs avec CAPEX,0.0%,Information,,INFO,,Info
ALLIANZ PIERRE,OCCUPATION,OCC-001,TOF dans plage acceptable,88.80%,≥ 80%,,OK,,Info
ALLIANZ PIERRE,REPARTITION,REP-001,Somme répartition géographique = 100%,109.2%,100%,9.169999999999987,ALERTE,,Warning
ALLIANZ PIERRE,REPARTITION,REP-002,Somme répartition typologique = 100%,76.5%,100%,23.5,ALERTE,,Warning
ALLIANZ PIERRE,PATRIMOINE,PAT-001,Cohérence nb actifs déclaré vs détail,3,1 (détail),66.66666666666666,ALERTE,,Warning
CRISTAL RENTE,CAPEX,CAP-002,CAPEX par m² (benchmark 30-250 €/m²),0.05 €/m²,30.0-250.0 €/m²,,ALERTE,CAPEX faible - risque de sous-investissement,Warning
CRISTAL RENTE,CAPEX,CAP-003,Taux d'actifs avec CAPEX,0.0%,Information,,INFO,,Info
CRISTAL RENTE,VALORISATION,VAL-001,Écart prix souscription vs valeur reconstitution,"47,237,839.00 €","17,978,783.23 €",162.74213558677084,ALERTE,,Warning
CRISTAL RENTE,REPARTITION,REP-001,Somme répartition géographique = 100%,90.5%,100%,9.530000000000001,ALERTE,,Warning
CRISTAL RENTE,REPARTITION,REP-002,Somme répartition typologique = 100%,162.8%,100%,62.829999999999984,ALERTE,,Warning
CRISTAL RENTE,PATRIMOINE,PAT-001,Cohérence nb actifs déclaré vs détail,157,2 (détail),98.72611464968153,ALERTE,,Warning
ELIALYS,CAPEX,CAP-002,CAPEX par m² (benchmark 30-250 €/m²),6.31 €/m²,30.0-250.0 €/m²,,ALERTE,CAPEX faible - risque de sous-investissement,Warning
ELIALYS,CAPEX,CAP-003,Taux d'actifs avec CAPEX,0.0%,Information,,INFO,,Info
ELIALYS,VALORISATION,VAL-001,Écart prix souscription vs valeur reconstitution,800.00 €,0.01 €,7156973.387201154,ALERTE,,Warning
ELIALYS,OCCUPATION,OCC-001,TOF dans plage acceptable,97.27%,≥ 80%,,OK,,Info
ELIALYS,REPARTITION,REP-001,Somme répartition géographique = 100%,46.0%,100%,54.0,ALERTE,,Warning
ELIALYS,REPARTITION,REP-002,Somme répartition typologique = 100%,109.9%,100%,9.850000000000009,ALERTE,,Warning
ELIALYS,PATRIMOINE,PAT-001,Cohérence nb actifs déclaré vs détail,11,6.0 (détail),45.45454545454545,ALERTE,,Warning
ACCIMMO PIERRE,CAPEX,CAP-003,Taux d'actifs avec CAPEX,0.0%,Information,,INFO,,Info
ACCIMMO PIERRE,VALORISATION,VAL-001,Écart prix souscription vs valeur reconstitution,141.00 €,0.00 €,54058264.17995445,ALERTE,,Warning
ACCIMMO PIERRE,ENDETTEMENT,END-001,LTV vs seuil réglementaire (50%),30.00%,< 50.0%,,OK,,Info
ACCIMMO PIERRE,REPARTITION,REP-001,Somme répartition géographique = 100%,71.2%,100%,28.80000000000001,ALERTE,,Warning
ACCIMMO PIERRE,REPARTITION,REP-002,Somme répartition typologique = 100%,109.7%,100%,9.69999999999996,ALERTE,,Warning
ACCIMMO PIERRE,PATRIMOINE,PAT-001,Cohérence nb actifs déclaré vs détail,57,5 (détail),91.22807017543859,ALERTE,,Warning
BUROBOUTIC METROPOLE,CAPEX,CAP-003,Taux d'actifs avec CAPEX,0.0%,Information,,INFO,,Info
BUROBOUTIC METROPOLE,VALORISATION,VAL-001,Écart prix souscription vs valeur reconstitution,230.00 €,0.00 €,135104120.39362064,ALERTE,,Warning
BUROBOUTIC METROPOLE,OCCUPATION,OCC-001,TOF dans plage acceptable,96.38%,≥ 80%,,OK,,Info
BUROBOUTIC METROPOLE,REPARTITION,REP-001,Somme répartition géographique = 100%,124.1%,100%,24.099999999999994,ALERTE,,Warning
BUROBOUTIC METROPOLE,REPARTITION,REP-002,Somme répartition typologique = 100%,164.7%,100%,64.69999999999999,ALERTE,,Warning
BUROBOUTIC METROPOLE,PATRIMOINE,PAT-001,Cohérence nb actifs déclaré vs détail,85,118 (détail),38.82352941176471,ALERTE,,Warning
ALTA CONVICTIONS,CAPEX,CAP-002,CAPEX par m² (benchmark 30-250 €/m²),0.01 €/m²,30.0-250.0 €/m²,,ALERTE,CAPEX faible - risque de sous-investissement,Warning
ALTA CONVICTIONS,CAPEX,CAP-003,Taux d'actifs avec CAPEX,0.0%,Information,,INFO,,Info
ALTA CONVICTIONS,VALORISATION,VAL-001,Écart prix souscription vs valeur reconstitution,305.00 €,0.00 €,18887998.037442345,ALERTE,,Warning
ALTA CONVICTIONS,REPARTITION,REP-001,Somme répartition géographique = 100%,4.0%,100%,96.0,ALERTE,,Warning
ALTA CONVICTIONS,REPARTITION,REP-002,Somme répartition typologique = 100%,135.0%,100%,35.0,ALERTE,,Warning
ALTA CONVICTIONS,PATRIMOINE,PAT-001,Cohérence nb actifs déclaré vs détail,4,4 (détail),0.0,OK,,Info
ACTIVIMMO,CAPEX,CAP-003,Taux d'actifs avec CAPEX,0.0%,Information,,INFO,,Info
ACTIVIMMO,VALORISATION,VAL-001,Écart prix souscription vs valeur reconstitution,545.34 €,19.67 €,2672.991060444518,ALERTE,,Warning
ACTIVIMMO,REPARTITION,REP-001,Somme répartition géographique = 100%,24.0%,100%,76.0,ALERTE,,Warning
ACTIVIMMO,REPARTITION,REP-002,Somme répartition typologique = 100%,119.0%,100%,19.0,ALERTE,,Warning
ACTIVIMMO,PATRIMOINE,PAT-001,Cohérence nb actifs déclaré vs détail,183,1 (détail),99.4535519125683,ALERTE,,Warning
ALLIANZ HOME,CAPEX,CAP-001,Ratio CAPEX / Valeur Vénale,0.02%,< 20.0%,,OK,,Info
ALLIANZ HOME,CAPEX,CAP-002,CAPEX par m² (benchmark 30-250 €/m²),1.18 €/m²,30.0-250.0 €/m²,,ALERTE,CAPEX faible - risque de sous-investissement,Warning
ALLIANZ HOME,CAPEX,CAP-003,Taux d'actifs avec CAPEX,0.0%,Information,,INFO,,Info
ALLIANZ HOME,REPARTITION,REP-001,Somme répartition géographique = 100%,40.8%,100%,59.21,ALERTE,,Warning
ALLIANZ HOME,REPARTITION,REP-002,Somme répartition typologique = 100%,88.2%,100%,11.760000000000005,ALERTE,,Warning
ACCES VALEUR PIERRE,CAPEX,CAP-003,Taux d'actifs avec CAPEX,0.0%,Information,,INFO,,Info
ACCES VALEUR PIERRE,VALORISATION,VAL-001,Écart prix souscription vs valeur reconstitution,"2,024,765.00 €","62,433,606.75 €",-96.75693091383845,ALERTE,,Warning
ACCES VALEUR PIERRE,OCCUPATION,OCC-001,TOF dans plage acceptable,89.40%,≥ 80%,,OK,,Info
ACCES VALEUR PIERRE,ENDETTEMENT,END-001,LTV vs seuil réglementaire (50%),65.00%,< 50.0%,,ALERTE,LTV à la limite réglementaire,Warning
ACCES VALEUR PIERRE,REPARTITION,REP-001,Somme répartition géographique = 100%,98.9%,100%,1.1000000000000085,OK,,Info
ACCES VALEUR PIERRE,REPARTITION,REP-002,Somme répartition typologique = 100%,234.0%,100%,134.0,ALERTE,,Warning
ACCES VALEUR PIERRE,PATRIMOINE,PAT-001,Cohérence nb actifs déclaré vs détail,60,12 (détail),80.0,ALERTE,,Warning
